frame,obj,type,dist_m,bin,n_pts,param,value,inbox_pct
000001,0,Truck,69.44,far,70,none,0.0,100.0
000001,1,Cyclist,46.07,far,18,none,0.0,100.0
000004,0,Car,41.36,far,77,none,0.0,100.0
000004,1,Car,53.58,far,26,none,0.0,100.0
000007,0,Car,25.02,mid,191,none,0.0,100.0
000007,1,Car,48.13,far,19,none,0.0,100.0
000007,2,Cyclist,36.35,far,25,none,0.0,100.0
000008,0,Car,4.56,near,1424,none,0.0,99.16
000008,1,Car,7.95,near,1940,none,0.0,100.0
000008,2,Car,7.23,near,878,none,0.0,99.2
000008,3,Car,14.48,near,668,none,0.0,100.0
000008,4,Car,33.98,far,53,none,0.0,100.0
000008,5,Car,21.69,mid,164,none,0.0,100.0
000009,0,Car,23.89,mid,219,none,0.0,100.0
000010,0,Car,6.83,near,283,none,0.0,97.88
000010,1,Car,12.04,near,1016,none,0.0,100.0
000010,2,Pedestrian,24.94,mid,23,none,0.0,100.0
000010,3,Car,17.51,mid,340,none,0.0,100.0
000010,4,Car,23.1,mid,48,none,0.0,100.0
000010,5,Car,23.64,mid,246,none,0.0,100.0
000010,6,Car,29.08,mid,55,none,0.0,100.0
000010,7,Car,29.6,mid,33,none,0.0,100.0
000010,8,Car,43.09,far,20,none,0.0,100.0
000011,0,Pedestrian,13.41,near,151,none,0.0,99.34
000011,1,Pedestrian,14.48,near,35,none,0.0,100.0
000011,2,Car,27.1,mid,208,none,0.0,100.0
000011,3,Pedestrian,34.15,far,40,none,0.0,100.0
000011,4,Car,6.58,near,210,none,0.0,98.57
000011,5,Pedestrian,17.81,mid,81,none,0.0,100.0
000012,0,Car,59.08,far,13,none,0.0,100.0
000012,1,Van,66.31,far,39,none,0.0,100.0
000015,0,Car,4.94,near,1650,none,0.0,99.21
000015,1,Pedestrian,8.95,near,386,none,0.0,96.11
000015,2,Pedestrian,24.27,mid,55,none,0.0,89.09
000015,3,Pedestrian,24.44,mid,70,none,0.0,84.29
000015,4,Pedestrian,23.37,mid,66,none,0.0,100.0
000016,0,Car,44.61,far,24,none,0.0,100.0
000016,1,Truck,28.06,mid,1973,none,0.0,100.0
000016,2,Car,33.45,far,51,none,0.0,100.0
000016,3,Car,7.08,near,1766,none,0.0,99.72
000016,4,Car,47.18,far,10,none,0.0,100.0
000019,0,Truck,6.31,near,4867,none,0.0,99.9
000019,1,Car,10.13,near,1236,none,0.0,100.0
000019,2,Van,35.42,far,106,none,0.0,100.0
000019,3,Car,59.71,far,19,none,0.0,100.0
000021,0,Cyclist,4.17,near,186,none,0.0,94.62
000021,1,Car,13.64,near,850,none,0.0,100.0
000021,2,Car,17.78,mid,238,none,0.0,100.0
000021,3,Van,23.93,mid,964,none,0.0,100.0
000021,4,Car,26.48,mid,176,none,0.0,100.0
000021,5,Car,26.88,mid,113,none,0.0,100.0
000021,6,Car,32.61,far,50,none,0.0,100.0
000021,7,Car,31.8,far,28,none,0.0,100.0
000023,0,Truck,69.29,far,74,none,0.0,100.0
000023,1,Car,57.52,far,13,none,0.0,100.0
000023,2,Cyclist,44.99,far,20,none,0.0,100.0
000025,0,Car,3.97,near,140,none,0.0,98.57
000025,1,Car,10.65,near,1121,none,0.0,100.0
000025,2,Car,30.19,far,61,none,0.0,100.0
000025,3,Car,17.85,mid,316,none,0.0,100.0
000025,4,Cyclist,44.72,far,21,none,0.0,100.0
000025,5,Car,22.7,mid,27,none,0.0,100.0
000031,0,Car,12.61,near,1028,none,0.0,100.0
000031,1,Car,9.04,near,1028,none,0.0,100.0
000031,2,Car,13.46,near,517,none,0.0,100.0
000031,3,Truck,22.54,mid,328,none,0.0,100.0
000031,4,Car,26.55,mid,141,none,0.0,100.0
000031,5,Van,51.93,far,32,none,0.0,100.0
000032,0,Car,9.65,near,1435,none,0.0,100.0
000032,1,Car,9.14,near,1352,none,0.0,99.85
000032,2,Van,14.81,near,803,none,0.0,100.0
000032,3,Car,13.81,near,410,none,0.0,100.0
000032,4,Car,20.17,mid,71,none,0.0,100.0
000032,5,Van,25.41,mid,584,none,0.0,100.0
000032,6,Car,25.84,mid,75,none,0.0,100.0
000032,7,Van,44.72,far,64,none,0.0,100.0
000032,8,Van,41.09,far,154,none,0.0,100.0
000032,9,Car,45.15,far,39,none,0.0,100.0
000043,0,Pedestrian,12.75,near,158,none,0.0,94.94
000043,1,Pedestrian,12.63,near,183,none,0.0,99.45
000043,2,Pedestrian,20.65,mid,85,none,0.0,100.0
000043,3,Pedestrian,20.57,mid,88,none,0.0,97.73
000048,0,Pedestrian,16.89,mid,113,none,0.0,95.58
000048,1,Pedestrian,17.17,mid,132,none,0.0,94.7
000048,2,Pedestrian,16.58,mid,116,none,0.0,82.76
000048,3,Cyclist,30.42,far,41,none,0.0,100.0
000049,0,Car,21.55,mid,206,none,0.0,100.0
000049,1,Car,14.35,near,930,none,0.0,100.0
000049,2,Car,22.29,mid,140,none,0.0,100.0
000049,3,Car,25.2,mid,79,none,0.0,100.0
000049,4,Car,32.78,far,18,none,0.0,100.0
000049,5,Van,45.86,far,79,none,0.0,100.0
000049,6,Pedestrian,5.46,near,719,none,0.0,95.97
000049,7,Car,10.4,near,571,none,0.0,100.0
000049,8,Car,15.44,mid,432,none,0.0,100.0
000049,9,Car,20.64,mid,198,none,0.0,100.0
000049,10,Pedestrian,32.79,far,42,none,0.0,88.1
000049,11,Car,33.25,far,74,none,0.0,100.0
000049,12,Car,14.42,near,437,none,0.0,100.0
000049,13,Car,19.02,mid,312,none,0.0,100.0
000049,14,Van,35.57,far,261,none,0.0,100.0
000049,15,Car,22.38,mid,49,none,0.0,100.0
000061,0,Van,18.81,mid,989,none,0.0,100.0
000061,1,Car,14.65,near,108,none,0.0,100.0
000061,2,Car,21.15,mid,145,none,0.0,100.0
000061,3,Van,43.67,far,14,none,0.0,100.0
000001,0,Truck,69.44,far,70,yaw_deg,0.5,75.71
000001,1,Cyclist,46.07,far,18,yaw_deg,0.5,55.56
000004,0,Car,41.36,far,77,yaw_deg,0.5,97.4
000004,1,Car,53.58,far,26,yaw_deg,0.5,84.62
000007,0,Car,25.02,mid,191,yaw_deg,0.5,90.05
000007,1,Car,48.13,far,19,yaw_deg,0.5,68.42
000007,2,Cyclist,36.35,far,25,yaw_deg,0.5,96.0
000008,0,Car,4.56,near,1424,yaw_deg,0.5,96.28
000008,1,Car,7.95,near,1940,yaw_deg,0.5,100.0
000008,2,Car,7.23,near,878,yaw_deg,0.5,100.0
000008,3,Car,14.48,near,668,yaw_deg,0.5,100.0
000008,4,Car,33.98,far,53,yaw_deg,0.5,90.57
000008,5,Car,21.69,mid,164,yaw_deg,0.5,98.78
000009,0,Car,23.89,mid,219,yaw_deg,0.5,92.69
000010,0,Car,6.83,near,283,yaw_deg,0.5,99.65
000010,1,Car,12.04,near,1016,yaw_deg,0.5,100.0
000010,2,Pedestrian,24.94,mid,23,yaw_deg,0.5,82.61
000010,3,Car,17.51,mid,340,yaw_deg,0.5,99.71
000010,4,Car,23.1,mid,48,yaw_deg,0.5,97.92
000010,5,Car,23.64,mid,246,yaw_deg,0.5,100.0
000010,6,Car,29.08,mid,55,yaw_deg,0.5,100.0
000010,7,Car,29.6,mid,33,yaw_deg,0.5,81.82
000010,8,Car,43.09,far,20,yaw_deg,0.5,100.0
000011,0,Pedestrian,13.41,near,151,yaw_deg,0.5,93.38
000011,1,Pedestrian,14.48,near,35,yaw_deg,0.5,100.0
000011,2,Car,27.1,mid,208,yaw_deg,0.5,95.67
000011,3,Pedestrian,34.15,far,40,yaw_deg,0.5,52.5
000011,4,Car,6.58,near,210,yaw_deg,0.5,81.9
000011,5,Pedestrian,17.81,mid,81,yaw_deg,0.5,81.48
000012,0,Car,59.08,far,13,yaw_deg,0.5,100.0
000012,1,Van,66.31,far,39,yaw_deg,0.5,89.74
000015,0,Car,4.94,near,1650,yaw_deg,0.5,97.7
000015,1,Pedestrian,8.95,near,386,yaw_deg,0.5,85.49
000015,2,Pedestrian,24.27,mid,55,yaw_deg,0.5,34.55
000015,3,Pedestrian,24.44,mid,70,yaw_deg,0.5,44.29
000015,4,Pedestrian,23.37,mid,66,yaw_deg,0.5,75.76
000016,0,Car,44.61,far,24,yaw_deg,0.5,75.0
000016,1,Truck,28.06,mid,1973,yaw_deg,0.5,99.54
000016,2,Car,33.45,far,51,yaw_deg,0.5,90.2
000016,3,Car,7.08,near,1766,yaw_deg,0.5,96.6
000016,4,Car,47.18,far,10,yaw_deg,0.5,80.0
000019,0,Truck,6.31,near,4867,yaw_deg,0.5,97.9
000019,1,Car,10.13,near,1236,yaw_deg,0.5,100.0
000019,2,Van,35.42,far,106,yaw_deg,0.5,93.4
000019,3,Car,59.71,far,19,yaw_deg,0.5,68.42
000021,0,Cyclist,4.17,near,186,yaw_deg,0.5,100.0
000021,1,Car,13.64,near,850,yaw_deg,0.5,100.0
000021,2,Car,17.78,mid,238,yaw_deg,0.5,100.0
000021,3,Van,23.93,mid,964,yaw_deg,0.5,99.9
000021,4,Car,26.48,mid,176,yaw_deg,0.5,99.43
000021,5,Car,26.88,mid,113,yaw_deg,0.5,100.0
000021,6,Car,32.61,far,50,yaw_deg,0.5,94.0
000021,7,Car,31.8,far,28,yaw_deg,0.5,100.0
000023,0,Truck,69.29,far,74,yaw_deg,0.5,82.43
000023,1,Car,57.52,far,13,yaw_deg,0.5,84.62
000023,2,Cyclist,44.99,far,20,yaw_deg,0.5,60.0
000025,0,Car,3.97,near,140,yaw_deg,0.5,100.0
000025,1,Car,10.65,near,1121,yaw_deg,0.5,99.73
000025,2,Car,30.19,far,61,yaw_deg,0.5,91.8
000025,3,Car,17.85,mid,316,yaw_deg,0.5,98.73
000025,4,Cyclist,44.72,far,21,yaw_deg,0.5,23.81
000025,5,Car,22.7,mid,27,yaw_deg,0.5,51.85
000031,0,Car,12.61,near,1028,yaw_deg,0.5,99.71
000031,1,Car,9.04,near,1028,yaw_deg,0.5,100.0
000031,2,Car,13.46,near,517,yaw_deg,0.5,98.26
000031,3,Truck,22.54,mid,328,yaw_deg,0.5,97.56
000031,4,Car,26.55,mid,141,yaw_deg,0.5,92.91
000031,5,Van,51.93,far,32,yaw_deg,0.5,87.5
000032,0,Car,9.65,near,1435,yaw_deg,0.5,100.0
000032,1,Car,9.14,near,1352,yaw_deg,0.5,100.0
000032,2,Van,14.81,near,803,yaw_deg,0.5,100.0
000032,3,Car,13.81,near,410,yaw_deg,0.5,100.0
000032,4,Car,20.17,mid,71,yaw_deg,0.5,83.1
000032,5,Van,25.41,mid,584,yaw_deg,0.5,100.0
000032,6,Car,25.84,mid,75,yaw_deg,0.5,100.0
000032,7,Van,44.72,far,64,yaw_deg,0.5,90.62
000032,8,Van,41.09,far,154,yaw_deg,0.5,99.35
000032,9,Car,45.15,far,39,yaw_deg,0.5,87.18
000043,0,Pedestrian,12.75,near,158,yaw_deg,0.5,86.71
000043,1,Pedestrian,12.63,near,183,yaw_deg,0.5,81.42
000043,2,Pedestrian,20.65,mid,85,yaw_deg,0.5,78.82
000043,3,Pedestrian,20.57,mid,88,yaw_deg,0.5,75.0
000048,0,Pedestrian,16.89,mid,113,yaw_deg,0.5,73.45
000048,1,Pedestrian,17.17,mid,132,yaw_deg,0.5,79.55
000048,2,Pedestrian,16.58,mid,116,yaw_deg,0.5,52.59
000048,3,Cyclist,30.42,far,41,yaw_deg,0.5,90.24
000049,0,Car,21.55,mid,206,yaw_deg,0.5,92.23
000049,1,Car,14.35,near,930,yaw_deg,0.5,99.46
000049,2,Car,22.29,mid,140,yaw_deg,0.5,100.0
000049,3,Car,25.2,mid,79,yaw_deg,0.5,100.0
000049,4,Car,32.78,far,18,yaw_deg,0.5,100.0
000049,5,Van,45.86,far,79,yaw_deg,0.5,100.0
000049,6,Pedestrian,5.46,near,719,yaw_deg,0.5,93.32
000049,7,Car,10.4,near,571,yaw_deg,0.5,98.95
000049,8,Car,15.44,mid,432,yaw_deg,0.5,98.61
000049,9,Car,20.64,mid,198,yaw_deg,0.5,98.48
000049,10,Pedestrian,32.79,far,42,yaw_deg,0.5,57.14
000049,11,Car,33.25,far,74,yaw_deg,0.5,100.0
000049,12,Car,14.42,near,437,yaw_deg,0.5,100.0
000049,13,Car,19.02,mid,312,yaw_deg,0.5,100.0
000049,14,Van,35.57,far,261,yaw_deg,0.5,95.79
000049,15,Car,22.38,mid,49,yaw_deg,0.5,97.96
000061,0,Van,18.81,mid,989,yaw_deg,0.5,99.8
000061,1,Car,14.65,near,108,yaw_deg,0.5,67.59
000061,2,Car,21.15,mid,145,yaw_deg,0.5,100.0
000061,3,Van,43.67,far,14,yaw_deg,0.5,78.57
000001,0,Truck,69.44,far,70,yaw_deg,1.0,54.29
000001,1,Cyclist,46.07,far,18,yaw_deg,1.0,0.0
000004,0,Car,41.36,far,77,yaw_deg,1.0,84.42
000004,1,Car,53.58,far,26,yaw_deg,1.0,65.38
000007,0,Car,25.02,mid,191,yaw_deg,1.0,78.53
000007,1,Car,48.13,far,19,yaw_deg,1.0,52.63
000007,2,Cyclist,36.35,far,25,yaw_deg,1.0,44.0
000008,0,Car,4.56,near,1424,yaw_deg,1.0,93.05
000008,1,Car,7.95,near,1940,yaw_deg,1.0,100.0
000008,2,Car,7.23,near,878,yaw_deg,1.0,99.77
000008,3,Car,14.48,near,668,yaw_deg,1.0,98.05
000008,4,Car,33.98,far,53,yaw_deg,1.0,75.47
000008,5,Car,21.69,mid,164,yaw_deg,1.0,86.59
000009,0,Car,23.89,mid,219,yaw_deg,1.0,82.19
000010,0,Car,6.83,near,283,yaw_deg,1.0,97.17
000010,1,Car,12.04,near,1016,yaw_deg,1.0,100.0
000010,2,Pedestrian,24.94,mid,23,yaw_deg,1.0,30.43
000010,3,Car,17.51,mid,340,yaw_deg,1.0,95.88
000010,4,Car,23.1,mid,48,yaw_deg,1.0,62.5
000010,5,Car,23.64,mid,246,yaw_deg,1.0,94.31
000010,6,Car,29.08,mid,55,yaw_deg,1.0,96.36
000010,7,Car,29.6,mid,33,yaw_deg,1.0,57.58
000010,8,Car,43.09,far,20,yaw_deg,1.0,85.0
000011,0,Pedestrian,13.41,near,151,yaw_deg,1.0,82.12
000011,1,Pedestrian,14.48,near,35,yaw_deg,1.0,100.0
000011,2,Car,27.1,mid,208,yaw_deg,1.0,85.58
000011,3,Pedestrian,34.15,far,40,yaw_deg,1.0,7.5
000011,4,Car,6.58,near,210,yaw_deg,1.0,66.67
000011,5,Pedestrian,17.81,mid,81,yaw_deg,1.0,34.57
000012,0,Car,59.08,far,13,yaw_deg,1.0,84.62
000012,1,Van,66.31,far,39,yaw_deg,1.0,58.97
000015,0,Car,4.94,near,1650,yaw_deg,1.0,96.3
000015,1,Pedestrian,8.95,near,386,yaw_deg,1.0,69.69
000015,2,Pedestrian,24.27,mid,55,yaw_deg,1.0,0.0
000015,3,Pedestrian,24.44,mid,70,yaw_deg,1.0,8.57
000015,4,Pedestrian,23.37,mid,66,yaw_deg,1.0,25.76
000016,0,Car,44.61,far,24,yaw_deg,1.0,45.83
000016,1,Truck,28.06,mid,1973,yaw_deg,1.0,97.92
000016,2,Car,33.45,far,51,yaw_deg,1.0,74.51
000016,3,Car,7.08,near,1766,yaw_deg,1.0,92.98
000016,4,Car,47.18,far,10,yaw_deg,1.0,70.0
000019,0,Truck,6.31,near,4867,yaw_deg,1.0,96.22
000019,1,Car,10.13,near,1236,yaw_deg,1.0,99.19
000019,2,Van,35.42,far,106,yaw_deg,1.0,73.58
000019,3,Car,59.71,far,19,yaw_deg,1.0,31.58
000021,0,Cyclist,4.17,near,186,yaw_deg,1.0,100.0
000021,1,Car,13.64,near,850,yaw_deg,1.0,99.41
000021,2,Car,17.78,mid,238,yaw_deg,1.0,100.0
000021,3,Van,23.93,mid,964,yaw_deg,1.0,95.75
000021,4,Car,26.48,mid,176,yaw_deg,1.0,91.48
000021,5,Car,26.88,mid,113,yaw_deg,1.0,100.0
000021,6,Car,32.61,far,50,yaw_deg,1.0,80.0
000021,7,Car,31.8,far,28,yaw_deg,1.0,100.0
000023,0,Truck,69.29,far,74,yaw_deg,1.0,58.11
000023,1,Car,57.52,far,13,yaw_deg,1.0,53.85
000023,2,Cyclist,44.99,far,20,yaw_deg,1.0,0.0
000025,0,Car,3.97,near,140,yaw_deg,1.0,100.0
000025,1,Car,10.65,near,1121,yaw_deg,1.0,97.68
000025,2,Car,30.19,far,61,yaw_deg,1.0,78.69
000025,3,Car,17.85,mid,316,yaw_deg,1.0,92.72
000025,4,Cyclist,44.72,far,21,yaw_deg,1.0,0.0
000025,5,Car,22.7,mid,27,yaw_deg,1.0,7.41
000031,0,Car,12.61,near,1028,yaw_deg,1.0,97.28
000031,1,Car,9.04,near,1028,yaw_deg,1.0,98.93
000031,2,Car,13.46,near,517,yaw_deg,1.0,94.97
000031,3,Truck,22.54,mid,328,yaw_deg,1.0,92.68
000031,4,Car,26.55,mid,141,yaw_deg,1.0,78.01
000031,5,Van,51.93,far,32,yaw_deg,1.0,59.38
000032,0,Car,9.65,near,1435,yaw_deg,1.0,100.0
000032,1,Car,9.14,near,1352,yaw_deg,1.0,98.67
000032,2,Van,14.81,near,803,yaw_deg,1.0,100.0
000032,3,Car,13.81,near,410,yaw_deg,1.0,96.34
000032,4,Car,20.17,mid,71,yaw_deg,1.0,64.79
000032,5,Van,25.41,mid,584,yaw_deg,1.0,100.0
000032,6,Car,25.84,mid,75,yaw_deg,1.0,97.33
000032,7,Van,44.72,far,64,yaw_deg,1.0,67.19
000032,8,Van,41.09,far,154,yaw_deg,1.0,87.66
000032,9,Car,45.15,far,39,yaw_deg,1.0,64.1
000043,0,Pedestrian,12.75,near,158,yaw_deg,1.0,55.7
000043,1,Pedestrian,12.63,near,183,yaw_deg,1.0,56.83
000043,2,Pedestrian,20.65,mid,85,yaw_deg,1.0,42.35
000043,3,Pedestrian,20.57,mid,88,yaw_deg,1.0,27.27
000048,0,Pedestrian,16.89,mid,113,yaw_deg,1.0,31.86
000048,1,Pedestrian,17.17,mid,132,yaw_deg,1.0,52.27
000048,2,Pedestrian,16.58,mid,116,yaw_deg,1.0,16.38
000048,3,Cyclist,30.42,far,41,yaw_deg,1.0,43.9
000049,0,Car,21.55,mid,206,yaw_deg,1.0,80.1
000049,1,Car,14.35,near,930,yaw_deg,1.0,97.1
000049,2,Car,22.29,mid,140,yaw_deg,1.0,100.0
000049,3,Car,25.2,mid,79,yaw_deg,1.0,100.0
000049,4,Car,32.78,far,18,yaw_deg,1.0,100.0
000049,5,Van,45.86,far,79,yaw_deg,1.0,96.2
000049,6,Pedestrian,5.46,near,719,yaw_deg,1.0,89.99
000049,7,Car,10.4,near,571,yaw_deg,1.0,95.1
000049,8,Car,15.44,mid,432,yaw_deg,1.0,93.98
000049,9,Car,20.64,mid,198,yaw_deg,1.0,84.34
000049,10,Pedestrian,32.79,far,42,yaw_deg,1.0,4.76
000049,11,Car,33.25,far,74,yaw_deg,1.0,100.0
000049,12,Car,14.42,near,437,yaw_deg,1.0,100.0
000049,13,Car,19.02,mid,312,yaw_deg,1.0,100.0
000049,14,Van,35.57,far,261,yaw_deg,1.0,90.04
000049,15,Car,22.38,mid,49,yaw_deg,1.0,83.67
000061,0,Van,18.81,mid,989,yaw_deg,1.0,96.97
000061,1,Car,14.65,near,108,yaw_deg,1.0,31.48
000061,2,Car,21.15,mid,145,yaw_deg,1.0,99.31
000061,3,Van,43.67,far,14,yaw_deg,1.0,64.29
000001,0,Truck,69.44,far,70,yaw_deg,2.0,10.0
000001,1,Cyclist,46.07,far,18,yaw_deg,2.0,0.0
000004,0,Car,41.36,far,77,yaw_deg,2.0,61.04
000004,1,Car,53.58,far,26,yaw_deg,2.0,34.62
000007,0,Car,25.02,mid,191,yaw_deg,2.0,51.31
000007,1,Car,48.13,far,19,yaw_deg,2.0,5.26
000007,2,Cyclist,36.35,far,25,yaw_deg,2.0,0.0
000008,0,Car,4.56,near,1424,yaw_deg,2.0,87.36
000008,1,Car,7.95,near,1940,yaw_deg,2.0,99.38
000008,2,Car,7.23,near,878,yaw_deg,2.0,96.13
000008,3,Car,14.48,near,668,yaw_deg,2.0,86.38
000008,4,Car,33.98,far,53,yaw_deg,2.0,32.08
000008,5,Car,21.69,mid,164,yaw_deg,2.0,60.37
000009,0,Car,23.89,mid,219,yaw_deg,2.0,54.79
000010,0,Car,6.83,near,283,yaw_deg,2.0,83.75
000010,1,Car,12.04,near,1016,yaw_deg,2.0,96.85
000010,2,Pedestrian,24.94,mid,23,yaw_deg,2.0,0.0
000010,3,Car,17.51,mid,340,yaw_deg,2.0,87.35
000010,4,Car,23.1,mid,48,yaw_deg,2.0,25.0
000010,5,Car,23.64,mid,246,yaw_deg,2.0,76.02
000010,6,Car,29.08,mid,55,yaw_deg,2.0,89.09
000010,7,Car,29.6,mid,33,yaw_deg,2.0,12.12
000010,8,Car,43.09,far,20,yaw_deg,2.0,25.0
000011,0,Pedestrian,13.41,near,151,yaw_deg,2.0,29.14
000011,1,Pedestrian,14.48,near,35,yaw_deg,2.0,60.0
000011,2,Car,27.1,mid,208,yaw_deg,2.0,61.06
000011,3,Pedestrian,34.15,far,40,yaw_deg,2.0,0.0
000011,4,Car,6.58,near,210,yaw_deg,2.0,36.67
000011,5,Pedestrian,17.81,mid,81,yaw_deg,2.0,0.0
000012,0,Car,59.08,far,13,yaw_deg,2.0,7.69
000012,1,Van,66.31,far,39,yaw_deg,2.0,10.26
000015,0,Car,4.94,near,1650,yaw_deg,2.0,93.76
000015,1,Pedestrian,8.95,near,386,yaw_deg,2.0,32.64
000015,2,Pedestrian,24.27,mid,55,yaw_deg,2.0,0.0
000015,3,Pedestrian,24.44,mid,70,yaw_deg,2.0,0.0
000015,4,Pedestrian,23.37,mid,66,yaw_deg,2.0,0.0
000016,0,Car,44.61,far,24,yaw_deg,2.0,0.0
000016,1,Truck,28.06,mid,1973,yaw_deg,2.0,94.88
000016,2,Car,33.45,far,51,yaw_deg,2.0,43.14
000016,3,Car,7.08,near,1766,yaw_deg,2.0,85.84
000016,4,Car,47.18,far,10,yaw_deg,2.0,10.0
000019,0,Truck,6.31,near,4867,yaw_deg,2.0,92.19
000019,1,Car,10.13,near,1236,yaw_deg,2.0,94.01
000019,2,Van,35.42,far,106,yaw_deg,2.0,39.62
000019,3,Car,59.71,far,19,yaw_deg,2.0,0.0
000021,0,Cyclist,4.17,near,186,yaw_deg,2.0,100.0
000021,1,Car,13.64,near,850,yaw_deg,2.0,92.82
000021,2,Car,17.78,mid,238,yaw_deg,2.0,99.16
000021,3,Van,23.93,mid,964,yaw_deg,2.0,93.78
000021,4,Car,26.48,mid,176,yaw_deg,2.0,69.32
000021,5,Car,26.88,mid,113,yaw_deg,2.0,77.88
000021,6,Car,32.61,far,50,yaw_deg,2.0,28.0
000021,7,Car,31.8,far,28,yaw_deg,2.0,100.0
000023,0,Truck,69.29,far,74,yaw_deg,2.0,13.51
000023,1,Car,57.52,far,13,yaw_deg,2.0,0.0
000023,2,Cyclist,44.99,far,20,yaw_deg,2.0,0.0
000025,0,Car,3.97,near,140,yaw_deg,2.0,94.29
000025,1,Car,10.65,near,1121,yaw_deg,2.0,90.54
000025,2,Car,30.19,far,61,yaw_deg,2.0,40.98
000025,3,Car,17.85,mid,316,yaw_deg,2.0,73.73
000025,4,Cyclist,44.72,far,21,yaw_deg,2.0,0.0
000025,5,Car,22.7,mid,27,yaw_deg,2.0,0.0
000031,0,Car,12.61,near,1028,yaw_deg,2.0,87.84
000031,1,Car,9.04,near,1028,yaw_deg,2.0,95.04
000031,2,Car,13.46,near,517,yaw_deg,2.0,83.56
000031,3,Truck,22.54,mid,328,yaw_deg,2.0,77.74
000031,4,Car,26.55,mid,141,yaw_deg,2.0,48.23
000031,5,Van,51.93,far,32,yaw_deg,2.0,9.38
000032,0,Car,9.65,near,1435,yaw_deg,2.0,98.95
000032,1,Car,9.14,near,1352,yaw_deg,2.0,94.23
000032,2,Van,14.81,near,803,yaw_deg,2.0,98.13
000032,3,Car,13.81,near,410,yaw_deg,2.0,85.85
000032,4,Car,20.17,mid,71,yaw_deg,2.0,25.35
000032,5,Van,25.41,mid,584,yaw_deg,2.0,100.0
000032,6,Car,25.84,mid,75,yaw_deg,2.0,74.67
000032,7,Van,44.72,far,64,yaw_deg,2.0,23.44
000032,8,Van,41.09,far,154,yaw_deg,2.0,71.43
000032,9,Car,45.15,far,39,yaw_deg,2.0,20.51
000043,0,Pedestrian,12.75,near,158,yaw_deg,2.0,6.33
000043,1,Pedestrian,12.63,near,183,yaw_deg,2.0,3.28
000043,2,Pedestrian,20.65,mid,85,yaw_deg,2.0,0.0
000043,3,Pedestrian,20.57,mid,88,yaw_deg,2.0,1.14
000048,0,Pedestrian,16.89,mid,113,yaw_deg,2.0,1.77
000048,1,Pedestrian,17.17,mid,132,yaw_deg,2.0,0.0
000048,2,Pedestrian,16.58,mid,116,yaw_deg,2.0,0.0
000048,3,Cyclist,30.42,far,41,yaw_deg,2.0,0.0
000049,0,Car,21.55,mid,206,yaw_deg,2.0,56.31
000049,1,Car,14.35,near,930,yaw_deg,2.0,91.83
000049,2,Car,22.29,mid,140,yaw_deg,2.0,100.0
000049,3,Car,25.2,mid,79,yaw_deg,2.0,100.0
000049,4,Car,32.78,far,18,yaw_deg,2.0,100.0
000049,5,Van,45.86,far,79,yaw_deg,2.0,87.34
000049,6,Pedestrian,5.46,near,719,yaw_deg,2.0,77.47
000049,7,Car,10.4,near,571,yaw_deg,2.0,86.69
000049,8,Car,15.44,mid,432,yaw_deg,2.0,83.1
000049,9,Car,20.64,mid,198,yaw_deg,2.0,51.52
000049,10,Pedestrian,32.79,far,42,yaw_deg,2.0,0.0
000049,11,Car,33.25,far,74,yaw_deg,2.0,98.65
000049,12,Car,14.42,near,437,yaw_deg,2.0,96.34
000049,13,Car,19.02,mid,312,yaw_deg,2.0,99.68
000049,14,Van,35.57,far,261,yaw_deg,2.0,76.25
000049,15,Car,22.38,mid,49,yaw_deg,2.0,40.82
000061,0,Van,18.81,mid,989,yaw_deg,2.0,86.45
000061,1,Car,14.65,near,108,yaw_deg,2.0,0.0
000061,2,Car,21.15,mid,145,yaw_deg,2.0,83.45
000061,3,Van,43.67,far,14,yaw_deg,2.0,35.71
000001,0,Truck,69.44,far,70,yaw_deg,3.0,0.0
000001,1,Cyclist,46.07,far,18,yaw_deg,3.0,0.0
000004,0,Car,41.36,far,77,yaw_deg,3.0,27.27
000004,1,Car,53.58,far,26,yaw_deg,3.0,0.0
000007,0,Car,25.02,mid,191,yaw_deg,3.0,21.99
000007,1,Car,48.13,far,19,yaw_deg,3.0,0.0
000007,2,Cyclist,36.35,far,25,yaw_deg,3.0,0.0
000008,0,Car,4.56,near,1424,yaw_deg,3.0,82.37
000008,1,Car,7.95,near,1940,yaw_deg,3.0,97.63
000008,2,Car,7.23,near,878,yaw_deg,3.0,93.85
000008,3,Car,14.48,near,668,yaw_deg,3.0,72.9
000008,4,Car,33.98,far,53,yaw_deg,3.0,5.66
000008,5,Car,21.69,mid,164,yaw_deg,3.0,37.8
000009,0,Car,23.89,mid,219,yaw_deg,3.0,30.14
000010,0,Car,6.83,near,283,yaw_deg,3.0,72.79
000010,1,Car,12.04,near,1016,yaw_deg,3.0,90.85
000010,2,Pedestrian,24.94,mid,23,yaw_deg,3.0,0.0
000010,3,Car,17.51,mid,340,yaw_deg,3.0,69.71
000010,4,Car,23.1,mid,48,yaw_deg,3.0,12.5
000010,5,Car,23.64,mid,246,yaw_deg,3.0,52.44
000010,6,Car,29.08,mid,55,yaw_deg,3.0,60.0
000010,7,Car,29.6,mid,33,yaw_deg,3.0,0.0
000010,8,Car,43.09,far,20,yaw_deg,3.0,10.0
000011,0,Pedestrian,13.41,near,151,yaw_deg,3.0,6.62
000011,1,Pedestrian,14.48,near,35,yaw_deg,3.0,17.14
000011,2,Car,27.1,mid,208,yaw_deg,3.0,36.54
000011,3,Pedestrian,34.15,far,40,yaw_deg,3.0,0.0
000011,4,Car,6.58,near,210,yaw_deg,3.0,10.48
000011,5,Pedestrian,17.81,mid,81,yaw_deg,3.0,0.0
000012,0,Car,59.08,far,13,yaw_deg,3.0,0.0
000012,1,Van,66.31,far,39,yaw_deg,3.0,0.0
000015,0,Car,4.94,near,1650,yaw_deg,3.0,91.64
000015,1,Pedestrian,8.95,near,386,yaw_deg,3.0,6.74
000015,2,Pedestrian,24.27,mid,55,yaw_deg,3.0,0.0
000015,3,Pedestrian,24.44,mid,70,yaw_deg,3.0,0.0
000015,4,Pedestrian,23.37,mid,66,yaw_deg,3.0,0.0
000016,0,Car,44.61,far,24,yaw_deg,3.0,0.0
000016,1,Truck,28.06,mid,1973,yaw_deg,3.0,91.33
000016,2,Car,33.45,far,51,yaw_deg,3.0,1.96
000016,3,Car,7.08,near,1766,yaw_deg,3.0,79.11
000016,4,Car,47.18,far,10,yaw_deg,3.0,0.0
000019,0,Truck,6.31,near,4867,yaw_deg,3.0,88.0
000019,1,Car,10.13,near,1236,yaw_deg,3.0,88.83
000019,2,Van,35.42,far,106,yaw_deg,3.0,12.26
000019,3,Car,59.71,far,19,yaw_deg,3.0,0.0
000021,0,Cyclist,4.17,near,186,yaw_deg,3.0,100.0
000021,1,Car,13.64,near,850,yaw_deg,3.0,84.35
000021,2,Car,17.78,mid,238,yaw_deg,3.0,95.38
000021,3,Van,23.93,mid,964,yaw_deg,3.0,86.0
000021,4,Car,26.48,mid,176,yaw_deg,3.0,43.75
000021,5,Car,26.88,mid,113,yaw_deg,3.0,45.13
000021,6,Car,32.61,far,50,yaw_deg,3.0,14.0
000021,7,Car,31.8,far,28,yaw_deg,3.0,10.71
000023,0,Truck,69.29,far,74,yaw_deg,3.0,0.0
000023,1,Car,57.52,far,13,yaw_deg,3.0,0.0
000023,2,Cyclist,44.99,far,20,yaw_deg,3.0,0.0
000025,0,Car,3.97,near,140,yaw_deg,3.0,94.29
000025,1,Car,10.65,near,1121,yaw_deg,3.0,82.87
000025,2,Car,30.19,far,61,yaw_deg,3.0,13.11
000025,3,Car,17.85,mid,316,yaw_deg,3.0,52.22
000025,4,Cyclist,44.72,far,21,yaw_deg,3.0,0.0
000025,5,Car,22.7,mid,27,yaw_deg,3.0,0.0
000031,0,Car,12.61,near,1028,yaw_deg,3.0,77.92
000031,1,Car,9.04,near,1028,yaw_deg,3.0,92.7
000031,2,Car,13.46,near,517,yaw_deg,3.0,67.89
000031,3,Truck,22.54,mid,328,yaw_deg,3.0,63.72
000031,4,Car,26.55,mid,141,yaw_deg,3.0,20.57
000031,5,Van,51.93,far,32,yaw_deg,3.0,0.0
000032,0,Car,9.65,near,1435,yaw_deg,3.0,94.91
000032,1,Car,9.14,near,1352,yaw_deg,3.0,89.79
000032,2,Van,14.81,near,803,yaw_deg,3.0,93.9
000032,3,Car,13.81,near,410,yaw_deg,3.0,72.68
000032,4,Car,20.17,mid,71,yaw_deg,3.0,11.27
000032,5,Van,25.41,mid,584,yaw_deg,3.0,100.0
000032,6,Car,25.84,mid,75,yaw_deg,3.0,56.0
000032,7,Van,44.72,far,64,yaw_deg,3.0,0.0
000032,8,Van,41.09,far,154,yaw_deg,3.0,52.6
000032,9,Car,45.15,far,39,yaw_deg,3.0,0.0
000043,0,Pedestrian,12.75,near,158,yaw_deg,3.0,0.0
000043,1,Pedestrian,12.63,near,183,yaw_deg,3.0,0.0
000043,2,Pedestrian,20.65,mid,85,yaw_deg,3.0,0.0
000043,3,Pedestrian,20.57,mid,88,yaw_deg,3.0,0.0
000048,0,Pedestrian,16.89,mid,113,yaw_deg,3.0,0.0
000048,1,Pedestrian,17.17,mid,132,yaw_deg,3.0,0.0
000048,2,Pedestrian,16.58,mid,116,yaw_deg,3.0,0.0
000048,3,Cyclist,30.42,far,41,yaw_deg,3.0,0.0
000049,0,Car,21.55,mid,206,yaw_deg,3.0,35.92
000049,1,Car,14.35,near,930,yaw_deg,3.0,85.7
000049,2,Car,22.29,mid,140,yaw_deg,3.0,98.57
000049,3,Car,25.2,mid,79,yaw_deg,3.0,96.2
000049,4,Car,32.78,far,18,yaw_deg,3.0,100.0
000049,5,Van,45.86,far,79,yaw_deg,3.0,74.68
000049,6,Pedestrian,5.46,near,719,yaw_deg,3.0,60.08
000049,7,Car,10.4,near,571,yaw_deg,3.0,81.26
000049,8,Car,15.44,mid,432,yaw_deg,3.0,68.98
000049,9,Car,20.64,mid,198,yaw_deg,3.0,19.19
000049,10,Pedestrian,32.79,far,42,yaw_deg,3.0,0.0
000049,11,Car,33.25,far,74,yaw_deg,3.0,83.78
000049,12,Car,14.42,near,437,yaw_deg,3.0,88.1
000049,13,Car,19.02,mid,312,yaw_deg,3.0,93.59
000049,14,Van,35.57,far,261,yaw_deg,3.0,64.37
000049,15,Car,22.38,mid,49,yaw_deg,3.0,20.41
000061,0,Van,18.81,mid,989,yaw_deg,3.0,74.72
000061,1,Car,14.65,near,108,yaw_deg,3.0,0.0
000061,2,Car,21.15,mid,145,yaw_deg,3.0,44.83
000061,3,Van,43.67,far,14,yaw_deg,3.0,0.0
000001,0,Truck,69.44,far,70,pitch_deg,0.5,92.86
000001,1,Cyclist,46.07,far,18,pitch_deg,0.5,94.44
000004,0,Car,41.36,far,77,pitch_deg,0.5,85.71
000004,1,Car,53.58,far,26,pitch_deg,0.5,100.0
000007,0,Car,25.02,mid,191,pitch_deg,0.5,89.01
000007,1,Car,48.13,far,19,pitch_deg,0.5,36.84
000007,2,Cyclist,36.35,far,25,pitch_deg,0.5,92.0
000008,0,Car,4.56,near,1424,pitch_deg,0.5,93.26
000008,1,Car,7.95,near,1940,pitch_deg,0.5,98.92
000008,2,Car,7.23,near,878,pitch_deg,0.5,92.82
000008,3,Car,14.48,near,668,pitch_deg,0.5,97.31
000008,4,Car,33.98,far,53,pitch_deg,0.5,73.58
000008,5,Car,21.69,mid,164,pitch_deg,0.5,96.34
000009,0,Car,23.89,mid,219,pitch_deg,0.5,88.58
000010,0,Car,6.83,near,283,pitch_deg,0.5,88.69
000010,1,Car,12.04,near,1016,pitch_deg,0.5,99.8
000010,2,Pedestrian,24.94,mid,23,pitch_deg,0.5,100.0
000010,3,Car,17.51,mid,340,pitch_deg,0.5,96.76
000010,4,Car,23.1,mid,48,pitch_deg,0.5,89.58
000010,5,Car,23.64,mid,246,pitch_deg,0.5,84.96
000010,6,Car,29.08,mid,55,pitch_deg,0.5,78.18
000010,7,Car,29.6,mid,33,pitch_deg,0.5,63.64
000010,8,Car,43.09,far,20,pitch_deg,0.5,60.0
000011,0,Pedestrian,13.41,near,151,pitch_deg,0.5,95.36
000011,1,Pedestrian,14.48,near,35,pitch_deg,0.5,65.71
000011,2,Car,27.1,mid,208,pitch_deg,0.5,79.81
000011,3,Pedestrian,34.15,far,40,pitch_deg,0.5,90.0
000011,4,Car,6.58,near,210,pitch_deg,0.5,92.38
000011,5,Pedestrian,17.81,mid,81,pitch_deg,0.5,91.36
000012,0,Car,59.08,far,13,pitch_deg,0.5,69.23
000012,1,Van,66.31,far,39,pitch_deg,0.5,100.0
000015,0,Car,4.94,near,1650,pitch_deg,0.5,93.09
000015,1,Pedestrian,8.95,near,386,pitch_deg,0.5,96.37
000015,2,Pedestrian,24.27,mid,55,pitch_deg,0.5,81.82
000015,3,Pedestrian,24.44,mid,70,pitch_deg,0.5,82.86
000015,4,Pedestrian,23.37,mid,66,pitch_deg,0.5,95.45
000016,0,Car,44.61,far,24,pitch_deg,0.5,62.5
000016,1,Truck,28.06,mid,1973,pitch_deg,0.5,100.0
000016,2,Car,33.45,far,51,pitch_deg,0.5,82.35
000016,3,Car,7.08,near,1766,pitch_deg,0.5,96.55
000016,4,Car,47.18,far,10,pitch_deg,0.5,40.0
000019,0,Truck,6.31,near,4867,pitch_deg,0.5,98.97
000019,1,Car,10.13,near,1236,pitch_deg,0.5,98.95
000019,2,Van,35.42,far,106,pitch_deg,0.5,91.51
000019,3,Car,59.71,far,19,pitch_deg,0.5,78.95
000021,0,Cyclist,4.17,near,186,pitch_deg,0.5,82.8
000021,1,Car,13.64,near,850,pitch_deg,0.5,95.18
000021,2,Car,17.78,mid,238,pitch_deg,0.5,91.18
000021,3,Van,23.93,mid,964,pitch_deg,0.5,95.23
000021,4,Car,26.48,mid,176,pitch_deg,0.5,84.09
000021,5,Car,26.88,mid,113,pitch_deg,0.5,97.35
000021,6,Car,32.61,far,50,pitch_deg,0.5,84.0
000021,7,Car,31.8,far,28,pitch_deg,0.5,85.71
000023,0,Truck,69.29,far,74,pitch_deg,0.5,93.24
000023,1,Car,57.52,far,13,pitch_deg,0.5,100.0
000023,2,Cyclist,44.99,far,20,pitch_deg,0.5,80.0
000025,0,Car,3.97,near,140,pitch_deg,0.5,85.71
000025,1,Car,10.65,near,1121,pitch_deg,0.5,99.38
000025,2,Car,30.19,far,61,pitch_deg,0.5,88.52
000025,3,Car,17.85,mid,316,pitch_deg,0.5,96.2
000025,4,Cyclist,44.72,far,21,pitch_deg,0.5,80.95
000025,5,Car,22.7,mid,27,pitch_deg,0.5,100.0
000031,0,Car,12.61,near,1028,pitch_deg,0.5,99.71
000031,1,Car,9.04,near,1028,pitch_deg,0.5,98.44
000031,2,Car,13.46,near,517,pitch_deg,0.5,98.84
000031,3,Truck,22.54,mid,328,pitch_deg,0.5,97.87
000031,4,Car,26.55,mid,141,pitch_deg,0.5,87.94
000031,5,Van,51.93,far,32,pitch_deg,0.5,71.88
000032,0,Car,9.65,near,1435,pitch_deg,0.5,100.0
000032,1,Car,9.14,near,1352,pitch_deg,0.5,99.11
000032,2,Van,14.81,near,803,pitch_deg,0.5,100.0
000032,3,Car,13.81,near,410,pitch_deg,0.5,100.0
000032,4,Car,20.17,mid,71,pitch_deg,0.5,91.55
000032,5,Van,25.41,mid,584,pitch_deg,0.5,100.0
000032,6,Car,25.84,mid,75,pitch_deg,0.5,100.0
000032,7,Van,44.72,far,64,pitch_deg,0.5,79.69
000032,8,Van,41.09,far,154,pitch_deg,0.5,100.0
000032,9,Car,45.15,far,39,pitch_deg,0.5,66.67
000043,0,Pedestrian,12.75,near,158,pitch_deg,0.5,91.14
000043,1,Pedestrian,12.63,near,183,pitch_deg,0.5,93.99
000043,2,Pedestrian,20.65,mid,85,pitch_deg,0.5,94.12
000043,3,Pedestrian,20.57,mid,88,pitch_deg,0.5,93.18
000048,0,Pedestrian,16.89,mid,113,pitch_deg,0.5,92.92
000048,1,Pedestrian,17.17,mid,132,pitch_deg,0.5,90.15
000048,2,Pedestrian,16.58,mid,116,pitch_deg,0.5,81.03
000048,3,Cyclist,30.42,far,41,pitch_deg,0.5,82.93
000049,0,Car,21.55,mid,206,pitch_deg,0.5,90.29
000049,1,Car,14.35,near,930,pitch_deg,0.5,99.14
000049,2,Car,22.29,mid,140,pitch_deg,0.5,99.29
000049,3,Car,25.2,mid,79,pitch_deg,0.5,92.41
000049,4,Car,32.78,far,18,pitch_deg,0.5,100.0
000049,5,Van,45.86,far,79,pitch_deg,0.5,94.94
000049,6,Pedestrian,5.46,near,719,pitch_deg,0.5,94.16
000049,7,Car,10.4,near,571,pitch_deg,0.5,100.0
000049,8,Car,15.44,mid,432,pitch_deg,0.5,99.77
000049,9,Car,20.64,mid,198,pitch_deg,0.5,92.42
000049,10,Pedestrian,32.79,far,42,pitch_deg,0.5,73.81
000049,11,Car,33.25,far,74,pitch_deg,0.5,98.65
000049,12,Car,14.42,near,437,pitch_deg,0.5,100.0
000049,13,Car,19.02,mid,312,pitch_deg,0.5,98.72
000049,14,Van,35.57,far,261,pitch_deg,0.5,100.0
000049,15,Car,22.38,mid,49,pitch_deg,0.5,100.0
000061,0,Van,18.81,mid,989,pitch_deg,0.5,99.6
000061,1,Car,14.65,near,108,pitch_deg,0.5,99.07
000061,2,Car,21.15,mid,145,pitch_deg,0.5,100.0
000061,3,Van,43.67,far,14,pitch_deg,0.5,100.0
000001,0,Truck,69.44,far,70,pitch_deg,1.0,70.0
000001,1,Cyclist,46.07,far,18,pitch_deg,1.0,72.22
000004,0,Car,41.36,far,77,pitch_deg,1.0,31.17
000004,1,Car,53.58,far,26,pitch_deg,1.0,3.85
000007,0,Car,25.02,mid,191,pitch_deg,1.0,67.02
000007,1,Car,48.13,far,19,pitch_deg,1.0,0.0
000007,2,Cyclist,36.35,far,25,pitch_deg,1.0,68.0
000008,0,Car,4.56,near,1424,pitch_deg,1.0,86.03
000008,1,Car,7.95,near,1940,pitch_deg,1.0,96.91
000008,2,Car,7.23,near,878,pitch_deg,1.0,85.88
000008,3,Car,14.48,near,668,pitch_deg,1.0,92.37
000008,4,Car,33.98,far,53,pitch_deg,1.0,43.4
000008,5,Car,21.69,mid,164,pitch_deg,1.0,86.59
000009,0,Car,23.89,mid,219,pitch_deg,1.0,74.43
000010,0,Car,6.83,near,283,pitch_deg,1.0,83.04
000010,1,Car,12.04,near,1016,pitch_deg,1.0,98.23
000010,2,Pedestrian,24.94,mid,23,pitch_deg,1.0,100.0
000010,3,Car,17.51,mid,340,pitch_deg,1.0,87.94
000010,4,Car,23.1,mid,48,pitch_deg,1.0,77.08
000010,5,Car,23.64,mid,246,pitch_deg,1.0,71.95
000010,6,Car,29.08,mid,55,pitch_deg,1.0,61.82
000010,7,Car,29.6,mid,33,pitch_deg,1.0,42.42
000010,8,Car,43.09,far,20,pitch_deg,1.0,30.0
000011,0,Pedestrian,13.41,near,151,pitch_deg,1.0,91.39
000011,1,Pedestrian,14.48,near,35,pitch_deg,1.0,54.29
000011,2,Car,27.1,mid,208,pitch_deg,1.0,70.19
000011,3,Pedestrian,34.15,far,40,pitch_deg,1.0,80.0
000011,4,Car,6.58,near,210,pitch_deg,1.0,86.19
000011,5,Pedestrian,17.81,mid,81,pitch_deg,1.0,88.89
000012,0,Car,59.08,far,13,pitch_deg,1.0,7.69
000012,1,Van,66.31,far,39,pitch_deg,1.0,46.15
000015,0,Car,4.94,near,1650,pitch_deg,1.0,86.55
000015,1,Pedestrian,8.95,near,386,pitch_deg,1.0,93.52
000015,2,Pedestrian,24.27,mid,55,pitch_deg,1.0,70.91
000015,3,Pedestrian,24.44,mid,70,pitch_deg,1.0,68.57
000015,4,Pedestrian,23.37,mid,66,pitch_deg,1.0,84.85
000016,0,Car,44.61,far,24,pitch_deg,1.0,0.0
000016,1,Truck,28.06,mid,1973,pitch_deg,1.0,100.0
000016,2,Car,33.45,far,51,pitch_deg,1.0,74.51
000016,3,Car,7.08,near,1766,pitch_deg,1.0,93.04
000016,4,Car,47.18,far,10,pitch_deg,1.0,0.0
000019,0,Truck,6.31,near,4867,pitch_deg,1.0,97.6
000019,1,Car,10.13,near,1236,pitch_deg,1.0,95.55
000019,2,Van,35.42,far,106,pitch_deg,1.0,61.32
000019,3,Car,59.71,far,19,pitch_deg,1.0,5.26
000021,0,Cyclist,4.17,near,186,pitch_deg,1.0,75.81
000021,1,Car,13.64,near,850,pitch_deg,1.0,87.06
000021,2,Car,17.78,mid,238,pitch_deg,1.0,86.97
000021,3,Van,23.93,mid,964,pitch_deg,1.0,89.0
000021,4,Car,26.48,mid,176,pitch_deg,1.0,62.5
000021,5,Car,26.88,mid,113,pitch_deg,1.0,63.72
000021,6,Car,32.61,far,50,pitch_deg,1.0,72.0
000021,7,Car,31.8,far,28,pitch_deg,1.0,78.57
000023,0,Truck,69.29,far,74,pitch_deg,1.0,66.22
000023,1,Car,57.52,far,13,pitch_deg,1.0,0.0
000023,2,Cyclist,44.99,far,20,pitch_deg,1.0,60.0
000025,0,Car,3.97,near,140,pitch_deg,1.0,74.29
000025,1,Car,10.65,near,1121,pitch_deg,1.0,98.75
000025,2,Car,30.19,far,61,pitch_deg,1.0,54.1
000025,3,Car,17.85,mid,316,pitch_deg,1.0,87.66
000025,4,Cyclist,44.72,far,21,pitch_deg,1.0,61.9
000025,5,Car,22.7,mid,27,pitch_deg,1.0,85.19
000031,0,Car,12.61,near,1028,pitch_deg,1.0,97.47
000031,1,Car,9.04,near,1028,pitch_deg,1.0,95.82
000031,2,Car,13.46,near,517,pitch_deg,1.0,97.29
000031,3,Truck,22.54,mid,328,pitch_deg,1.0,92.68
000031,4,Car,26.55,mid,141,pitch_deg,1.0,71.63
000031,5,Van,51.93,far,32,pitch_deg,1.0,43.75
000032,0,Car,9.65,near,1435,pitch_deg,1.0,100.0
000032,1,Car,9.14,near,1352,pitch_deg,1.0,96.97
000032,2,Van,14.81,near,803,pitch_deg,1.0,99.38
000032,3,Car,13.81,near,410,pitch_deg,1.0,98.78
000032,4,Car,20.17,mid,71,pitch_deg,1.0,91.55
000032,5,Van,25.41,mid,584,pitch_deg,1.0,100.0
000032,6,Car,25.84,mid,75,pitch_deg,1.0,100.0
000032,7,Van,44.72,far,64,pitch_deg,1.0,51.56
000032,8,Van,41.09,far,154,pitch_deg,1.0,100.0
000032,9,Car,45.15,far,39,pitch_deg,1.0,2.56
000043,0,Pedestrian,12.75,near,158,pitch_deg,1.0,86.71
000043,1,Pedestrian,12.63,near,183,pitch_deg,1.0,91.26
000043,2,Pedestrian,20.65,mid,85,pitch_deg,1.0,90.59
000043,3,Pedestrian,20.57,mid,88,pitch_deg,1.0,88.64
000048,0,Pedestrian,16.89,mid,113,pitch_deg,1.0,85.84
000048,1,Pedestrian,17.17,mid,132,pitch_deg,1.0,87.12
000048,2,Pedestrian,16.58,mid,116,pitch_deg,1.0,75.86
000048,3,Cyclist,30.42,far,41,pitch_deg,1.0,68.29
000049,0,Car,21.55,mid,206,pitch_deg,1.0,71.36
000049,1,Car,14.35,near,930,pitch_deg,1.0,91.61
000049,2,Car,22.29,mid,140,pitch_deg,1.0,96.43
000049,3,Car,25.2,mid,79,pitch_deg,1.0,72.15
000049,4,Car,32.78,far,18,pitch_deg,1.0,66.67
000049,5,Van,45.86,far,79,pitch_deg,1.0,74.68
000049,6,Pedestrian,5.46,near,719,pitch_deg,1.0,92.07
000049,7,Car,10.4,near,571,pitch_deg,1.0,98.6
000049,8,Car,15.44,mid,432,pitch_deg,1.0,96.06
000049,9,Car,20.64,mid,198,pitch_deg,1.0,85.86
000049,10,Pedestrian,32.79,far,42,pitch_deg,1.0,69.05
000049,11,Car,33.25,far,74,pitch_deg,1.0,91.89
000049,12,Car,14.42,near,437,pitch_deg,1.0,99.31
000049,13,Car,19.02,mid,312,pitch_deg,1.0,93.27
000049,14,Van,35.57,far,261,pitch_deg,1.0,100.0
000049,15,Car,22.38,mid,49,pitch_deg,1.0,100.0
000061,0,Van,18.81,mid,989,pitch_deg,1.0,95.96
000061,1,Car,14.65,near,108,pitch_deg,1.0,94.44
000061,2,Car,21.15,mid,145,pitch_deg,1.0,90.34
000061,3,Van,43.67,far,14,pitch_deg,1.0,100.0
000001,0,Truck,69.44,far,70,pitch_deg,2.0,14.29
000001,1,Cyclist,46.07,far,18,pitch_deg,2.0,11.11
000004,0,Car,41.36,far,77,pitch_deg,2.0,0.0
000004,1,Car,53.58,far,26,pitch_deg,2.0,0.0
000007,0,Car,25.02,mid,191,pitch_deg,2.0,32.98
000007,1,Car,48.13,far,19,pitch_deg,2.0,0.0
000007,2,Cyclist,36.35,far,25,pitch_deg,2.0,20.0
000008,0,Car,4.56,near,1424,pitch_deg,2.0,69.66
000008,1,Car,7.95,near,1940,pitch_deg,2.0,91.49
000008,2,Car,7.23,near,878,pitch_deg,2.0,70.62
000008,3,Car,14.48,near,668,pitch_deg,2.0,74.25
000008,4,Car,33.98,far,53,pitch_deg,2.0,3.77
000008,5,Car,21.69,mid,164,pitch_deg,2.0,57.32
000009,0,Car,23.89,mid,219,pitch_deg,2.0,41.55
000010,0,Car,6.83,near,283,pitch_deg,2.0,46.29
000010,1,Car,12.04,near,1016,pitch_deg,2.0,83.07
000010,2,Pedestrian,24.94,mid,23,pitch_deg,2.0,100.0
000010,3,Car,17.51,mid,340,pitch_deg,2.0,60.0
000010,4,Car,23.1,mid,48,pitch_deg,2.0,62.5
000010,5,Car,23.64,mid,246,pitch_deg,2.0,39.02
000010,6,Car,29.08,mid,55,pitch_deg,2.0,27.27
000010,7,Car,29.6,mid,33,pitch_deg,2.0,15.15
000010,8,Car,43.09,far,20,pitch_deg,2.0,0.0
000011,0,Pedestrian,13.41,near,151,pitch_deg,2.0,75.5
000011,1,Pedestrian,14.48,near,35,pitch_deg,2.0,31.43
000011,2,Car,27.1,mid,208,pitch_deg,2.0,37.5
000011,3,Pedestrian,34.15,far,40,pitch_deg,2.0,37.5
000011,4,Car,6.58,near,210,pitch_deg,2.0,76.19
000011,5,Pedestrian,17.81,mid,81,pitch_deg,2.0,66.67
000012,0,Car,59.08,far,13,pitch_deg,2.0,0.0
000012,1,Van,66.31,far,39,pitch_deg,2.0,28.21
000015,0,Car,4.94,near,1650,pitch_deg,2.0,74.24
000015,1,Pedestrian,8.95,near,386,pitch_deg,2.0,86.79
000015,2,Pedestrian,24.27,mid,55,pitch_deg,2.0,50.91
000015,3,Pedestrian,24.44,mid,70,pitch_deg,2.0,44.29
000015,4,Pedestrian,23.37,mid,66,pitch_deg,2.0,56.06
000016,0,Car,44.61,far,24,pitch_deg,2.0,0.0
000016,1,Truck,28.06,mid,1973,pitch_deg,2.0,97.92
000016,2,Car,33.45,far,51,pitch_deg,2.0,7.84
000016,3,Car,7.08,near,1766,pitch_deg,2.0,84.54
000016,4,Car,47.18,far,10,pitch_deg,2.0,0.0
000019,0,Truck,6.31,near,4867,pitch_deg,2.0,93.94
000019,1,Car,10.13,near,1236,pitch_deg,2.0,85.76
000019,2,Van,35.42,far,106,pitch_deg,2.0,11.32
000019,3,Car,59.71,far,19,pitch_deg,2.0,0.0
000021,0,Cyclist,4.17,near,186,pitch_deg,2.0,67.2
000021,1,Car,13.64,near,850,pitch_deg,2.0,73.29
000021,2,Car,17.78,mid,238,pitch_deg,2.0,72.27
000021,3,Van,23.93,mid,964,pitch_deg,2.0,73.65
000021,4,Car,26.48,mid,176,pitch_deg,2.0,23.3
000021,5,Car,26.88,mid,113,pitch_deg,2.0,20.35
000021,6,Car,32.61,far,50,pitch_deg,2.0,44.0
000021,7,Car,31.8,far,28,pitch_deg,2.0,46.43
000023,0,Truck,69.29,far,74,pitch_deg,2.0,13.51
000023,1,Car,57.52,far,13,pitch_deg,2.0,0.0
000023,2,Cyclist,44.99,far,20,pitch_deg,2.0,10.0
000025,0,Car,3.97,near,140,pitch_deg,2.0,70.71
000025,1,Car,10.65,near,1121,pitch_deg,2.0,95.27
000025,2,Car,30.19,far,61,pitch_deg,2.0,6.56
000025,3,Car,17.85,mid,316,pitch_deg,2.0,57.91
000025,4,Cyclist,44.72,far,21,pitch_deg,2.0,14.29
000025,5,Car,22.7,mid,27,pitch_deg,2.0,51.85
000031,0,Car,12.61,near,1028,pitch_deg,2.0,86.58
000031,1,Car,9.04,near,1028,pitch_deg,2.0,90.18
000031,2,Car,13.46,near,517,pitch_deg,2.0,85.11
000031,3,Truck,22.54,mid,328,pitch_deg,2.0,88.72
000031,4,Car,26.55,mid,141,pitch_deg,2.0,28.37
000031,5,Van,51.93,far,32,pitch_deg,2.0,3.12
000032,0,Car,9.65,near,1435,pitch_deg,2.0,96.86
000032,1,Car,9.14,near,1352,pitch_deg,2.0,91.72
000032,2,Van,14.81,near,803,pitch_deg,2.0,94.4
000032,3,Car,13.81,near,410,pitch_deg,2.0,84.63
000032,4,Car,20.17,mid,71,pitch_deg,2.0,78.87
000032,5,Van,25.41,mid,584,pitch_deg,2.0,99.49
000032,6,Car,25.84,mid,75,pitch_deg,2.0,97.33
000032,7,Van,44.72,far,64,pitch_deg,2.0,17.19
000032,8,Van,41.09,far,154,pitch_deg,2.0,86.36
000032,9,Car,45.15,far,39,pitch_deg,2.0,0.0
000043,0,Pedestrian,12.75,near,158,pitch_deg,2.0,79.75
000043,1,Pedestrian,12.63,near,183,pitch_deg,2.0,80.87
000043,2,Pedestrian,20.65,mid,85,pitch_deg,2.0,72.94
000043,3,Pedestrian,20.57,mid,88,pitch_deg,2.0,72.73
000048,0,Pedestrian,16.89,mid,113,pitch_deg,2.0,72.57
000048,1,Pedestrian,17.17,mid,132,pitch_deg,2.0,72.73
000048,2,Pedestrian,16.58,mid,116,pitch_deg,2.0,68.97
000048,3,Cyclist,30.42,far,41,pitch_deg,2.0,34.15
000049,0,Car,21.55,mid,206,pitch_deg,2.0,32.04
000049,1,Car,14.35,near,930,pitch_deg,2.0,75.7
000049,2,Car,22.29,mid,140,pitch_deg,2.0,72.86
000049,3,Car,25.2,mid,79,pitch_deg,2.0,49.37
000049,4,Car,32.78,far,18,pitch_deg,2.0,0.0
000049,5,Van,45.86,far,79,pitch_deg,2.0,48.1
000049,6,Pedestrian,5.46,near,719,pitch_deg,2.0,87.48
000049,7,Car,10.4,near,571,pitch_deg,2.0,92.29
000049,8,Car,15.44,mid,432,pitch_deg,2.0,82.41
000049,9,Car,20.64,mid,198,pitch_deg,2.0,67.68
000049,10,Pedestrian,32.79,far,42,pitch_deg,2.0,30.95
000049,11,Car,33.25,far,74,pitch_deg,2.0,24.32
000049,12,Car,14.42,near,437,pitch_deg,2.0,95.88
000049,13,Car,19.02,mid,312,pitch_deg,2.0,68.27
000049,14,Van,35.57,far,261,pitch_deg,2.0,100.0
000049,15,Car,22.38,mid,49,pitch_deg,2.0,91.84
000061,0,Van,18.81,mid,989,pitch_deg,2.0,85.84
000061,1,Car,14.65,near,108,pitch_deg,2.0,69.44
000061,2,Car,21.15,mid,145,pitch_deg,2.0,73.1
000061,3,Van,43.67,far,14,pitch_deg,2.0,0.0
000001,0,Truck,69.44,far,70,pitch_deg,3.0,0.0
000001,1,Cyclist,46.07,far,18,pitch_deg,3.0,0.0
000004,0,Car,41.36,far,77,pitch_deg,3.0,0.0
000004,1,Car,53.58,far,26,pitch_deg,3.0,0.0
000007,0,Car,25.02,mid,191,pitch_deg,3.0,10.47
000007,1,Car,48.13,far,19,pitch_deg,3.0,0.0
000007,2,Cyclist,36.35,far,25,pitch_deg,3.0,0.0
000008,0,Car,4.56,near,1424,pitch_deg,3.0,56.18
000008,1,Car,7.95,near,1940,pitch_deg,3.0,84.33
000008,2,Car,7.23,near,878,pitch_deg,3.0,58.88
000008,3,Car,14.48,near,668,pitch_deg,3.0,53.44
000008,4,Car,33.98,far,53,pitch_deg,3.0,0.0
000008,5,Car,21.69,mid,164,pitch_deg,3.0,23.17
000009,0,Car,23.89,mid,219,pitch_deg,3.0,12.33
000010,0,Car,6.83,near,283,pitch_deg,3.0,28.98
000010,1,Car,12.04,near,1016,pitch_deg,3.0,62.99
000010,2,Pedestrian,24.94,mid,23,pitch_deg,3.0,73.91
000010,3,Car,17.51,mid,340,pitch_deg,3.0,41.18
000010,4,Car,23.1,mid,48,pitch_deg,3.0,33.33
000010,5,Car,23.64,mid,246,pitch_deg,3.0,10.98
000010,6,Car,29.08,mid,55,pitch_deg,3.0,12.73
000010,7,Car,29.6,mid,33,pitch_deg,3.0,15.15
000010,8,Car,43.09,far,20,pitch_deg,3.0,0.0
000011,0,Pedestrian,13.41,near,151,pitch_deg,3.0,66.23
000011,1,Pedestrian,14.48,near,35,pitch_deg,3.0,22.86
000011,2,Car,27.1,mid,208,pitch_deg,3.0,21.63
000011,3,Pedestrian,34.15,far,40,pitch_deg,3.0,0.0
000011,4,Car,6.58,near,210,pitch_deg,3.0,62.86
000011,5,Pedestrian,17.81,mid,81,pitch_deg,3.0,48.15
000012,0,Car,59.08,far,13,pitch_deg,3.0,0.0
000012,1,Van,66.31,far,39,pitch_deg,3.0,0.0
000015,0,Car,4.94,near,1650,pitch_deg,3.0,62.06
000015,1,Pedestrian,8.95,near,386,pitch_deg,3.0,81.87
000015,2,Pedestrian,24.27,mid,55,pitch_deg,3.0,20.0
000015,3,Pedestrian,24.44,mid,70,pitch_deg,3.0,20.0
000015,4,Pedestrian,23.37,mid,66,pitch_deg,3.0,18.18
000016,0,Car,44.61,far,24,pitch_deg,3.0,0.0
000016,1,Truck,28.06,mid,1973,pitch_deg,3.0,87.84
000016,2,Car,33.45,far,51,pitch_deg,3.0,0.0
000016,3,Car,7.08,near,1766,pitch_deg,3.0,73.78
000016,4,Car,47.18,far,10,pitch_deg,3.0,0.0
000019,0,Truck,6.31,near,4867,pitch_deg,3.0,90.24
000019,1,Car,10.13,near,1236,pitch_deg,3.0,78.48
000019,2,Van,35.42,far,106,pitch_deg,3.0,0.0
000019,3,Car,59.71,far,19,pitch_deg,3.0,0.0
000021,0,Cyclist,4.17,near,186,pitch_deg,3.0,60.22
000021,1,Car,13.64,near,850,pitch_deg,3.0,56.71
000021,2,Car,17.78,mid,238,pitch_deg,3.0,57.56
000021,3,Van,23.93,mid,964,pitch_deg,3.0,52.39
000021,4,Car,26.48,mid,176,pitch_deg,3.0,7.95
000021,5,Car,26.88,mid,113,pitch_deg,3.0,10.62
000021,6,Car,32.61,far,50,pitch_deg,3.0,28.0
000021,7,Car,31.8,far,28,pitch_deg,3.0,0.0
000023,0,Truck,69.29,far,74,pitch_deg,3.0,0.0
000023,1,Car,57.52,far,13,pitch_deg,3.0,0.0
000023,2,Cyclist,44.99,far,20,pitch_deg,3.0,0.0
000025,0,Car,3.97,near,140,pitch_deg,3.0,55.71
000025,1,Car,10.65,near,1121,pitch_deg,3.0,80.73
000025,2,Car,30.19,far,61,pitch_deg,3.0,0.0
000025,3,Car,17.85,mid,316,pitch_deg,3.0,32.59
000025,4,Cyclist,44.72,far,21,pitch_deg,3.0,0.0
000025,5,Car,22.7,mid,27,pitch_deg,3.0,33.33
000031,0,Car,12.61,near,1028,pitch_deg,3.0,72.08
000031,1,Car,9.04,near,1028,pitch_deg,3.0,78.31
000031,2,Car,13.46,near,517,pitch_deg,3.0,65.96
000031,3,Truck,22.54,mid,328,pitch_deg,3.0,85.67
000031,4,Car,26.55,mid,141,pitch_deg,3.0,4.96
000031,5,Van,51.93,far,32,pitch_deg,3.0,0.0
000032,0,Car,9.65,near,1435,pitch_deg,3.0,89.06
000032,1,Car,9.14,near,1352,pitch_deg,3.0,82.47
000032,2,Van,14.81,near,803,pitch_deg,3.0,84.31
000032,3,Car,13.81,near,410,pitch_deg,3.0,67.8
000032,4,Car,20.17,mid,71,pitch_deg,3.0,42.25
000032,5,Van,25.41,mid,584,pitch_deg,3.0,88.36
000032,6,Car,25.84,mid,75,pitch_deg,3.0,52.0
000032,7,Van,44.72,far,64,pitch_deg,3.0,0.0
000032,8,Van,41.09,far,154,pitch_deg,3.0,33.77
000032,9,Car,45.15,far,39,pitch_deg,3.0,0.0
000043,0,Pedestrian,12.75,near,158,pitch_deg,3.0,68.35
000043,1,Pedestrian,12.63,near,183,pitch_deg,3.0,68.85
000043,2,Pedestrian,20.65,mid,85,pitch_deg,3.0,43.53
000043,3,Pedestrian,20.57,mid,88,pitch_deg,3.0,47.73
000048,0,Pedestrian,16.89,mid,113,pitch_deg,3.0,49.56
000048,1,Pedestrian,17.17,mid,132,pitch_deg,3.0,50.0
000048,2,Pedestrian,16.58,mid,116,pitch_deg,3.0,51.72
000048,3,Cyclist,30.42,far,41,pitch_deg,3.0,0.0
000049,0,Car,21.55,mid,206,pitch_deg,3.0,11.65
000049,1,Car,14.35,near,930,pitch_deg,3.0,53.76
000049,2,Car,22.29,mid,140,pitch_deg,3.0,35.0
000049,3,Car,25.2,mid,79,pitch_deg,3.0,24.05
000049,4,Car,32.78,far,18,pitch_deg,3.0,0.0
000049,5,Van,45.86,far,79,pitch_deg,3.0,0.0
000049,6,Pedestrian,5.46,near,719,pitch_deg,3.0,81.92
000049,7,Car,10.4,near,571,pitch_deg,3.0,84.24
000049,8,Car,15.44,mid,432,pitch_deg,3.0,64.81
000049,9,Car,20.64,mid,198,pitch_deg,3.0,43.43
000049,10,Pedestrian,32.79,far,42,pitch_deg,3.0,0.0
000049,11,Car,33.25,far,74,pitch_deg,3.0,18.92
000049,12,Car,14.42,near,437,pitch_deg,3.0,82.61
000049,13,Car,19.02,mid,312,pitch_deg,3.0,46.79
000049,14,Van,35.57,far,261,pitch_deg,3.0,73.56
000049,15,Car,22.38,mid,49,pitch_deg,3.0,81.63
000061,0,Van,18.81,mid,989,pitch_deg,3.0,73.41
000061,1,Car,14.65,near,108,pitch_deg,3.0,52.78
000061,2,Car,21.15,mid,145,pitch_deg,3.0,55.17
000061,3,Van,43.67,far,14,pitch_deg,3.0,0.0
000001,0,Truck,69.44,far,70,roll_deg,0.5,100.0
000001,1,Cyclist,46.07,far,18,roll_deg,0.5,100.0
000004,0,Car,41.36,far,77,roll_deg,0.5,100.0
000004,1,Car,53.58,far,26,roll_deg,0.5,100.0
000007,0,Car,25.02,mid,191,roll_deg,0.5,100.0
000007,1,Car,48.13,far,19,roll_deg,0.5,100.0
000007,2,Cyclist,36.35,far,25,roll_deg,0.5,100.0
000008,0,Car,4.56,near,1424,roll_deg,0.5,99.93
000008,1,Car,7.95,near,1940,roll_deg,0.5,100.0
000008,2,Car,7.23,near,878,roll_deg,0.5,95.67
000008,3,Car,14.48,near,668,roll_deg,0.5,100.0
000008,4,Car,33.98,far,53,roll_deg,0.5,100.0
000008,5,Car,21.69,mid,164,roll_deg,0.5,100.0
000009,0,Car,23.89,mid,219,roll_deg,0.5,100.0
000010,0,Car,6.83,near,283,roll_deg,0.5,93.64
000010,1,Car,12.04,near,1016,roll_deg,0.5,100.0
000010,2,Pedestrian,24.94,mid,23,roll_deg,0.5,100.0
000010,3,Car,17.51,mid,340,roll_deg,0.5,100.0
000010,4,Car,23.1,mid,48,roll_deg,0.5,100.0
000010,5,Car,23.64,mid,246,roll_deg,0.5,100.0
000010,6,Car,29.08,mid,55,roll_deg,0.5,92.73
000010,7,Car,29.6,mid,33,roll_deg,0.5,100.0
000010,8,Car,43.09,far,20,roll_deg,0.5,100.0
000011,0,Pedestrian,13.41,near,151,roll_deg,0.5,100.0
000011,1,Pedestrian,14.48,near,35,roll_deg,0.5,100.0
000011,2,Car,27.1,mid,208,roll_deg,0.5,100.0
000011,3,Pedestrian,34.15,far,40,roll_deg,0.5,100.0
000011,4,Car,6.58,near,210,roll_deg,0.5,99.52
000011,5,Pedestrian,17.81,mid,81,roll_deg,0.5,97.53
000012,0,Car,59.08,far,13,roll_deg,0.5,100.0
000012,1,Van,66.31,far,39,roll_deg,0.5,100.0
000015,0,Car,4.94,near,1650,roll_deg,0.5,99.94
000015,1,Pedestrian,8.95,near,386,roll_deg,0.5,95.85
000015,2,Pedestrian,24.27,mid,55,roll_deg,0.5,89.09
000015,3,Pedestrian,24.44,mid,70,roll_deg,0.5,84.29
000015,4,Pedestrian,23.37,mid,66,roll_deg,0.5,100.0
000016,0,Car,44.61,far,24,roll_deg,0.5,100.0
000016,1,Truck,28.06,mid,1973,roll_deg,0.5,100.0
000016,2,Car,33.45,far,51,roll_deg,0.5,100.0
000016,3,Car,7.08,near,1766,roll_deg,0.5,99.89
000016,4,Car,47.18,far,10,roll_deg,0.5,100.0
000019,0,Truck,6.31,near,4867,roll_deg,0.5,99.94
000019,1,Car,10.13,near,1236,roll_deg,0.5,99.51
000019,2,Van,35.42,far,106,roll_deg,0.5,100.0
000019,3,Car,59.71,far,19,roll_deg,0.5,100.0
000021,0,Cyclist,4.17,near,186,roll_deg,0.5,91.4
000021,1,Car,13.64,near,850,roll_deg,0.5,100.0
000021,2,Car,17.78,mid,238,roll_deg,0.5,100.0
000021,3,Van,23.93,mid,964,roll_deg,0.5,99.17
000021,4,Car,26.48,mid,176,roll_deg,0.5,100.0
000021,5,Car,26.88,mid,113,roll_deg,0.5,100.0
000021,6,Car,32.61,far,50,roll_deg,0.5,100.0
000021,7,Car,31.8,far,28,roll_deg,0.5,100.0
000023,0,Truck,69.29,far,74,roll_deg,0.5,100.0
000023,1,Car,57.52,far,13,roll_deg,0.5,100.0
000023,2,Cyclist,44.99,far,20,roll_deg,0.5,100.0
000025,0,Car,3.97,near,140,roll_deg,0.5,92.86
000025,1,Car,10.65,near,1121,roll_deg,0.5,100.0
000025,2,Car,30.19,far,61,roll_deg,0.5,100.0
000025,3,Car,17.85,mid,316,roll_deg,0.5,100.0
000025,4,Cyclist,44.72,far,21,roll_deg,0.5,100.0
000025,5,Car,22.7,mid,27,roll_deg,0.5,100.0
000031,0,Car,12.61,near,1028,roll_deg,0.5,100.0
000031,1,Car,9.04,near,1028,roll_deg,0.5,99.51
000031,2,Car,13.46,near,517,roll_deg,0.5,100.0
000031,3,Truck,22.54,mid,328,roll_deg,0.5,100.0
000031,4,Car,26.55,mid,141,roll_deg,0.5,100.0
000031,5,Van,51.93,far,32,roll_deg,0.5,100.0
000032,0,Car,9.65,near,1435,roll_deg,0.5,100.0
000032,1,Car,9.14,near,1352,roll_deg,0.5,99.56
000032,2,Van,14.81,near,803,roll_deg,0.5,100.0
000032,3,Car,13.81,near,410,roll_deg,0.5,100.0
000032,4,Car,20.17,mid,71,roll_deg,0.5,100.0
000032,5,Van,25.41,mid,584,roll_deg,0.5,100.0
000032,6,Car,25.84,mid,75,roll_deg,0.5,100.0
000032,7,Van,44.72,far,64,roll_deg,0.5,100.0
000032,8,Van,41.09,far,154,roll_deg,0.5,100.0
000032,9,Car,45.15,far,39,roll_deg,0.5,100.0
000043,0,Pedestrian,12.75,near,158,roll_deg,0.5,94.94
000043,1,Pedestrian,12.63,near,183,roll_deg,0.5,99.45
000043,2,Pedestrian,20.65,mid,85,roll_deg,0.5,100.0
000043,3,Pedestrian,20.57,mid,88,roll_deg,0.5,97.73
000048,0,Pedestrian,16.89,mid,113,roll_deg,0.5,94.69
000048,1,Pedestrian,17.17,mid,132,roll_deg,0.5,94.7
000048,2,Pedestrian,16.58,mid,116,roll_deg,0.5,82.76
000048,3,Cyclist,30.42,far,41,roll_deg,0.5,100.0
000049,0,Car,21.55,mid,206,roll_deg,0.5,100.0
000049,1,Car,14.35,near,930,roll_deg,0.5,100.0
000049,2,Car,22.29,mid,140,roll_deg,0.5,100.0
000049,3,Car,25.2,mid,79,roll_deg,0.5,81.01
000049,4,Car,32.78,far,18,roll_deg,0.5,100.0
000049,5,Van,45.86,far,79,roll_deg,0.5,100.0
000049,6,Pedestrian,5.46,near,719,roll_deg,0.5,94.02
000049,7,Car,10.4,near,571,roll_deg,0.5,100.0
000049,8,Car,15.44,mid,432,roll_deg,0.5,100.0
000049,9,Car,20.64,mid,198,roll_deg,0.5,98.99
000049,10,Pedestrian,32.79,far,42,roll_deg,0.5,88.1
000049,11,Car,33.25,far,74,roll_deg,0.5,100.0
000049,12,Car,14.42,near,437,roll_deg,0.5,94.28
000049,13,Car,19.02,mid,312,roll_deg,0.5,100.0
000049,14,Van,35.57,far,261,roll_deg,0.5,100.0
000049,15,Car,22.38,mid,49,roll_deg,0.5,100.0
000061,0,Van,18.81,mid,989,roll_deg,0.5,99.7
000061,1,Car,14.65,near,108,roll_deg,0.5,99.07
000061,2,Car,21.15,mid,145,roll_deg,0.5,100.0
000061,3,Van,43.67,far,14,roll_deg,0.5,100.0
000001,0,Truck,69.44,far,70,roll_deg,1.0,100.0
000001,1,Cyclist,46.07,far,18,roll_deg,1.0,100.0
000004,0,Car,41.36,far,77,roll_deg,1.0,100.0
000004,1,Car,53.58,far,26,roll_deg,1.0,100.0
000007,0,Car,25.02,mid,191,roll_deg,1.0,100.0
000007,1,Car,48.13,far,19,roll_deg,1.0,100.0
000007,2,Cyclist,36.35,far,25,roll_deg,1.0,96.0
000008,0,Car,4.56,near,1424,roll_deg,1.0,99.72
000008,1,Car,7.95,near,1940,roll_deg,1.0,99.48
000008,2,Car,7.23,near,878,roll_deg,1.0,91.91
000008,3,Car,14.48,near,668,roll_deg,1.0,100.0
000008,4,Car,33.98,far,53,roll_deg,1.0,88.68
000008,5,Car,21.69,mid,164,roll_deg,1.0,98.17
000009,0,Car,23.89,mid,219,roll_deg,1.0,100.0
000010,0,Car,6.83,near,283,roll_deg,1.0,85.87
000010,1,Car,12.04,near,1016,roll_deg,1.0,100.0
000010,2,Pedestrian,24.94,mid,23,roll_deg,1.0,100.0
000010,3,Car,17.51,mid,340,roll_deg,1.0,97.94
000010,4,Car,23.1,mid,48,roll_deg,1.0,100.0
000010,5,Car,23.64,mid,246,roll_deg,1.0,100.0
000010,6,Car,29.08,mid,55,roll_deg,1.0,92.73
000010,7,Car,29.6,mid,33,roll_deg,1.0,84.85
000010,8,Car,43.09,far,20,roll_deg,1.0,75.0
000011,0,Pedestrian,13.41,near,151,roll_deg,1.0,96.03
000011,1,Pedestrian,14.48,near,35,roll_deg,1.0,97.14
000011,2,Car,27.1,mid,208,roll_deg,1.0,100.0
000011,3,Pedestrian,34.15,far,40,roll_deg,1.0,100.0
000011,4,Car,6.58,near,210,roll_deg,1.0,98.1
000011,5,Pedestrian,17.81,mid,81,roll_deg,1.0,97.53
000012,0,Car,59.08,far,13,roll_deg,1.0,100.0
000012,1,Van,66.31,far,39,roll_deg,1.0,100.0
000015,0,Car,4.94,near,1650,roll_deg,1.0,99.82
000015,1,Pedestrian,8.95,near,386,roll_deg,1.0,95.6
000015,2,Pedestrian,24.27,mid,55,roll_deg,1.0,89.09
000015,3,Pedestrian,24.44,mid,70,roll_deg,1.0,84.29
000015,4,Pedestrian,23.37,mid,66,roll_deg,1.0,100.0
000016,0,Car,44.61,far,24,roll_deg,1.0,100.0
000016,1,Truck,28.06,mid,1973,roll_deg,1.0,100.0
000016,2,Car,33.45,far,51,roll_deg,1.0,100.0
000016,3,Car,7.08,near,1766,roll_deg,1.0,99.66
000016,4,Car,47.18,far,10,roll_deg,1.0,100.0
000019,0,Truck,6.31,near,4867,roll_deg,1.0,99.79
000019,1,Car,10.13,near,1236,roll_deg,1.0,99.51
000019,2,Van,35.42,far,106,roll_deg,1.0,100.0
000019,3,Car,59.71,far,19,roll_deg,1.0,100.0
000021,0,Cyclist,4.17,near,186,roll_deg,1.0,83.87
000021,1,Car,13.64,near,850,roll_deg,1.0,100.0
000021,2,Car,17.78,mid,238,roll_deg,1.0,100.0
000021,3,Van,23.93,mid,964,roll_deg,1.0,96.47
000021,4,Car,26.48,mid,176,roll_deg,1.0,88.07
000021,5,Car,26.88,mid,113,roll_deg,1.0,100.0
000021,6,Car,32.61,far,50,roll_deg,1.0,100.0
000021,7,Car,31.8,far,28,roll_deg,1.0,100.0
000023,0,Truck,69.29,far,74,roll_deg,1.0,100.0
000023,1,Car,57.52,far,13,roll_deg,1.0,100.0
000023,2,Cyclist,44.99,far,20,roll_deg,1.0,90.0
000025,0,Car,3.97,near,140,roll_deg,1.0,85.71
000025,1,Car,10.65,near,1121,roll_deg,1.0,100.0
000025,2,Car,30.19,far,61,roll_deg,1.0,100.0
000025,3,Car,17.85,mid,316,roll_deg,1.0,100.0
000025,4,Cyclist,44.72,far,21,roll_deg,1.0,100.0
000025,5,Car,22.7,mid,27,roll_deg,1.0,100.0
000031,0,Car,12.61,near,1028,roll_deg,1.0,100.0
000031,1,Car,9.04,near,1028,roll_deg,1.0,98.44
000031,2,Car,13.46,near,517,roll_deg,1.0,100.0
000031,3,Truck,22.54,mid,328,roll_deg,1.0,100.0
000031,4,Car,26.55,mid,141,roll_deg,1.0,100.0
000031,5,Van,51.93,far,32,roll_deg,1.0,100.0
000032,0,Car,9.65,near,1435,roll_deg,1.0,98.61
000032,1,Car,9.14,near,1352,roll_deg,1.0,99.19
000032,2,Van,14.81,near,803,roll_deg,1.0,100.0
000032,3,Car,13.81,near,410,roll_deg,1.0,100.0
000032,4,Car,20.17,mid,71,roll_deg,1.0,100.0
000032,5,Van,25.41,mid,584,roll_deg,1.0,96.06
000032,6,Car,25.84,mid,75,roll_deg,1.0,100.0
000032,7,Van,44.72,far,64,roll_deg,1.0,100.0
000032,8,Van,41.09,far,154,roll_deg,1.0,100.0
000032,9,Car,45.15,far,39,roll_deg,1.0,100.0
000043,0,Pedestrian,12.75,near,158,roll_deg,1.0,94.3
000043,1,Pedestrian,12.63,near,183,roll_deg,1.0,97.27
000043,2,Pedestrian,20.65,mid,85,roll_deg,1.0,98.82
000043,3,Pedestrian,20.57,mid,88,roll_deg,1.0,97.73
000048,0,Pedestrian,16.89,mid,113,roll_deg,1.0,94.69
000048,1,Pedestrian,17.17,mid,132,roll_deg,1.0,93.94
000048,2,Pedestrian,16.58,mid,116,roll_deg,1.0,82.76
000048,3,Cyclist,30.42,far,41,roll_deg,1.0,100.0
000049,0,Car,21.55,mid,206,roll_deg,1.0,100.0
000049,1,Car,14.35,near,930,roll_deg,1.0,99.46
000049,2,Car,22.29,mid,140,roll_deg,1.0,85.71
000049,3,Car,25.2,mid,79,roll_deg,1.0,79.75
000049,4,Car,32.78,far,18,roll_deg,1.0,100.0
000049,5,Van,45.86,far,79,roll_deg,1.0,100.0
000049,6,Pedestrian,5.46,near,719,roll_deg,1.0,92.91
000049,7,Car,10.4,near,571,roll_deg,1.0,100.0
000049,8,Car,15.44,mid,432,roll_deg,1.0,100.0
000049,9,Car,20.64,mid,198,roll_deg,1.0,96.97
000049,10,Pedestrian,32.79,far,42,roll_deg,1.0,85.71
000049,11,Car,33.25,far,74,roll_deg,1.0,100.0
000049,12,Car,14.42,near,437,roll_deg,1.0,91.08
000049,13,Car,19.02,mid,312,roll_deg,1.0,90.38
000049,14,Van,35.57,far,261,roll_deg,1.0,100.0
000049,15,Car,22.38,mid,49,roll_deg,1.0,71.43
000061,0,Van,18.81,mid,989,roll_deg,1.0,98.79
000061,1,Car,14.65,near,108,roll_deg,1.0,94.44
000061,2,Car,21.15,mid,145,roll_deg,1.0,91.03
000061,3,Van,43.67,far,14,roll_deg,1.0,92.86
000001,0,Truck,69.44,far,70,roll_deg,2.0,100.0
000001,1,Cyclist,46.07,far,18,roll_deg,2.0,100.0
000004,0,Car,41.36,far,77,roll_deg,2.0,94.81
000004,1,Car,53.58,far,26,roll_deg,2.0,96.15
000007,0,Car,25.02,mid,191,roll_deg,2.0,100.0
000007,1,Car,48.13,far,19,roll_deg,2.0,100.0
000007,2,Cyclist,36.35,far,25,roll_deg,2.0,84.0
000008,0,Car,4.56,near,1424,roll_deg,2.0,93.82
000008,1,Car,7.95,near,1940,roll_deg,2.0,98.45
000008,2,Car,7.23,near,878,roll_deg,2.0,83.03
000008,3,Car,14.48,near,668,roll_deg,2.0,100.0
000008,4,Car,33.98,far,53,roll_deg,2.0,73.58
000008,5,Car,21.69,mid,164,roll_deg,2.0,89.02
000009,0,Car,23.89,mid,219,roll_deg,2.0,100.0
000010,0,Car,6.83,near,283,roll_deg,2.0,76.33
000010,1,Car,12.04,near,1016,roll_deg,2.0,98.92
000010,2,Pedestrian,24.94,mid,23,roll_deg,2.0,100.0
000010,3,Car,17.51,mid,340,roll_deg,2.0,93.53
000010,4,Car,23.1,mid,48,roll_deg,2.0,89.58
000010,5,Car,23.64,mid,246,roll_deg,2.0,100.0
000010,6,Car,29.08,mid,55,roll_deg,2.0,92.73
000010,7,Car,29.6,mid,33,roll_deg,2.0,60.61
000010,8,Car,43.09,far,20,roll_deg,2.0,75.0
000011,0,Pedestrian,13.41,near,151,roll_deg,2.0,91.39
000011,1,Pedestrian,14.48,near,35,roll_deg,2.0,65.71
000011,2,Car,27.1,mid,208,roll_deg,2.0,93.75
000011,3,Pedestrian,34.15,far,40,roll_deg,2.0,100.0
000011,4,Car,6.58,near,210,roll_deg,2.0,94.29
000011,5,Pedestrian,17.81,mid,81,roll_deg,2.0,91.36
000012,0,Car,59.08,far,13,roll_deg,2.0,100.0
000012,1,Van,66.31,far,39,roll_deg,2.0,71.79
000015,0,Car,4.94,near,1650,roll_deg,2.0,98.55
000015,1,Pedestrian,8.95,near,386,roll_deg,2.0,90.16
000015,2,Pedestrian,24.27,mid,55,roll_deg,2.0,85.45
000015,3,Pedestrian,24.44,mid,70,roll_deg,2.0,80.0
000015,4,Pedestrian,23.37,mid,66,roll_deg,2.0,100.0
000016,0,Car,44.61,far,24,roll_deg,2.0,100.0
000016,1,Truck,28.06,mid,1973,roll_deg,2.0,100.0
000016,2,Car,33.45,far,51,roll_deg,2.0,94.12
000016,3,Car,7.08,near,1766,roll_deg,2.0,98.53
000016,4,Car,47.18,far,10,roll_deg,2.0,100.0
000019,0,Truck,6.31,near,4867,roll_deg,2.0,99.67
000019,1,Car,10.13,near,1236,roll_deg,2.0,97.57
000019,2,Van,35.42,far,106,roll_deg,2.0,100.0
000019,3,Car,59.71,far,19,roll_deg,2.0,100.0
000021,0,Cyclist,4.17,near,186,roll_deg,2.0,78.49
000021,1,Car,13.64,near,850,roll_deg,2.0,97.18
000021,2,Car,17.78,mid,238,roll_deg,2.0,96.64
000021,3,Van,23.93,mid,964,roll_deg,2.0,88.49
000021,4,Car,26.48,mid,176,roll_deg,2.0,88.07
000021,5,Car,26.88,mid,113,roll_deg,2.0,100.0
000021,6,Car,32.61,far,50,roll_deg,2.0,100.0
000021,7,Car,31.8,far,28,roll_deg,2.0,100.0
000023,0,Truck,69.29,far,74,roll_deg,2.0,100.0
000023,1,Car,57.52,far,13,roll_deg,2.0,100.0
000023,2,Cyclist,44.99,far,20,roll_deg,2.0,90.0
000025,0,Car,3.97,near,140,roll_deg,2.0,77.14
000025,1,Car,10.65,near,1121,roll_deg,2.0,99.91
000025,2,Car,30.19,far,61,roll_deg,2.0,100.0
000025,3,Car,17.85,mid,316,roll_deg,2.0,98.1
000025,4,Cyclist,44.72,far,21,roll_deg,2.0,100.0
000025,5,Car,22.7,mid,27,roll_deg,2.0,100.0
000031,0,Car,12.61,near,1028,roll_deg,2.0,97.18
000031,1,Car,9.04,near,1028,roll_deg,2.0,97.18
000031,2,Car,13.46,near,517,roll_deg,2.0,99.81
000031,3,Truck,22.54,mid,328,roll_deg,2.0,100.0
000031,4,Car,26.55,mid,141,roll_deg,2.0,100.0
000031,5,Van,51.93,far,32,roll_deg,2.0,100.0
000032,0,Car,9.65,near,1435,roll_deg,2.0,96.1
000032,1,Car,9.14,near,1352,roll_deg,2.0,96.97
000032,2,Van,14.81,near,803,roll_deg,2.0,97.63
000032,3,Car,13.81,near,410,roll_deg,2.0,100.0
000032,4,Car,20.17,mid,71,roll_deg,2.0,95.77
000032,5,Van,25.41,mid,584,roll_deg,2.0,84.08
000032,6,Car,25.84,mid,75,roll_deg,2.0,100.0
000032,7,Van,44.72,far,64,roll_deg,2.0,100.0
000032,8,Van,41.09,far,154,roll_deg,2.0,100.0
000032,9,Car,45.15,far,39,roll_deg,2.0,100.0
000043,0,Pedestrian,12.75,near,158,roll_deg,2.0,94.3
000043,1,Pedestrian,12.63,near,183,roll_deg,2.0,96.17
000043,2,Pedestrian,20.65,mid,85,roll_deg,2.0,98.82
000043,3,Pedestrian,20.57,mid,88,roll_deg,2.0,98.86
000048,0,Pedestrian,16.89,mid,113,roll_deg,2.0,93.81
000048,1,Pedestrian,17.17,mid,132,roll_deg,2.0,92.42
000048,2,Pedestrian,16.58,mid,116,roll_deg,2.0,82.76
000048,3,Cyclist,30.42,far,41,roll_deg,2.0,100.0
000049,0,Car,21.55,mid,206,roll_deg,2.0,100.0
000049,1,Car,14.35,near,930,roll_deg,2.0,95.81
000049,2,Car,22.29,mid,140,roll_deg,2.0,85.71
000049,3,Car,25.2,mid,79,roll_deg,2.0,79.75
000049,4,Car,32.78,far,18,roll_deg,2.0,100.0
000049,5,Van,45.86,far,79,roll_deg,2.0,100.0
000049,6,Pedestrian,5.46,near,719,roll_deg,2.0,89.99
000049,7,Car,10.4,near,571,roll_deg,2.0,100.0
000049,8,Car,15.44,mid,432,roll_deg,2.0,100.0
000049,9,Car,20.64,mid,198,roll_deg,2.0,96.97
000049,10,Pedestrian,32.79,far,42,roll_deg,2.0,85.71
000049,11,Car,33.25,far,74,roll_deg,2.0,98.65
000049,12,Car,14.42,near,437,roll_deg,2.0,87.64
000049,13,Car,19.02,mid,312,roll_deg,2.0,85.26
000049,14,Van,35.57,far,261,roll_deg,2.0,100.0
000049,15,Car,22.38,mid,49,roll_deg,2.0,30.61
000061,0,Van,18.81,mid,989,roll_deg,2.0,92.42
000061,1,Car,14.65,near,108,roll_deg,2.0,82.41
000061,2,Car,21.15,mid,145,roll_deg,2.0,84.14
000061,3,Van,43.67,far,14,roll_deg,2.0,92.86
000001,0,Truck,69.44,far,70,roll_deg,3.0,100.0
000001,1,Cyclist,46.07,far,18,roll_deg,3.0,94.44
000004,0,Car,41.36,far,77,roll_deg,3.0,68.83
000004,1,Car,53.58,far,26,roll_deg,3.0,50.0
000007,0,Car,25.02,mid,191,roll_deg,3.0,99.48
000007,1,Car,48.13,far,19,roll_deg,3.0,100.0
000007,2,Cyclist,36.35,far,25,roll_deg,3.0,68.0
000008,0,Car,4.56,near,1424,roll_deg,3.0,86.8
000008,1,Car,7.95,near,1940,roll_deg,3.0,97.63
000008,2,Car,7.23,near,878,roll_deg,3.0,73.92
000008,3,Car,14.48,near,668,roll_deg,3.0,100.0
000008,4,Car,33.98,far,53,roll_deg,3.0,64.15
000008,5,Car,21.69,mid,164,roll_deg,3.0,74.39
000009,0,Car,23.89,mid,219,roll_deg,3.0,100.0
000010,0,Car,6.83,near,283,roll_deg,3.0,55.83
000010,1,Car,12.04,near,1016,roll_deg,3.0,98.82
000010,2,Pedestrian,24.94,mid,23,roll_deg,3.0,100.0
000010,3,Car,17.51,mid,340,roll_deg,3.0,87.94
000010,4,Car,23.1,mid,48,roll_deg,3.0,77.08
000010,5,Car,23.64,mid,246,roll_deg,3.0,100.0
000010,6,Car,29.08,mid,55,roll_deg,3.0,92.73
000010,7,Car,29.6,mid,33,roll_deg,3.0,57.58
000010,8,Car,43.09,far,20,roll_deg,3.0,75.0
000011,0,Pedestrian,13.41,near,151,roll_deg,3.0,86.75
000011,1,Pedestrian,14.48,near,35,roll_deg,3.0,54.29
000011,2,Car,27.1,mid,208,roll_deg,3.0,91.83
000011,3,Pedestrian,34.15,far,40,roll_deg,3.0,100.0
000011,4,Car,6.58,near,210,roll_deg,3.0,92.86
000011,5,Pedestrian,17.81,mid,81,roll_deg,3.0,77.78
000012,0,Car,59.08,far,13,roll_deg,3.0,100.0
000012,1,Van,66.31,far,39,roll_deg,3.0,71.79
000015,0,Car,4.94,near,1650,roll_deg,3.0,94.48
000015,1,Pedestrian,8.95,near,386,roll_deg,3.0,85.75
000015,2,Pedestrian,24.27,mid,55,roll_deg,3.0,74.55
000015,3,Pedestrian,24.44,mid,70,roll_deg,3.0,78.57
000015,4,Pedestrian,23.37,mid,66,roll_deg,3.0,100.0
000016,0,Car,44.61,far,24,roll_deg,3.0,87.5
000016,1,Truck,28.06,mid,1973,roll_deg,3.0,100.0
000016,2,Car,33.45,far,51,roll_deg,3.0,82.35
000016,3,Car,7.08,near,1766,roll_deg,3.0,93.54
000016,4,Car,47.18,far,10,roll_deg,3.0,100.0
000019,0,Truck,6.31,near,4867,roll_deg,3.0,99.53
000019,1,Car,10.13,near,1236,roll_deg,3.0,95.06
000019,2,Van,35.42,far,106,roll_deg,3.0,96.23
000019,3,Car,59.71,far,19,roll_deg,3.0,100.0
000021,0,Cyclist,4.17,near,186,roll_deg,3.0,76.88
000021,1,Car,13.64,near,850,roll_deg,3.0,94.35
000021,2,Car,17.78,mid,238,roll_deg,3.0,90.76
000021,3,Van,23.93,mid,964,roll_deg,3.0,80.71
000021,4,Car,26.48,mid,176,roll_deg,3.0,78.41
000021,5,Car,26.88,mid,113,roll_deg,3.0,100.0
000021,6,Car,32.61,far,50,roll_deg,3.0,84.0
000021,7,Car,31.8,far,28,roll_deg,3.0,100.0
000023,0,Truck,69.29,far,74,roll_deg,3.0,100.0
000023,1,Car,57.52,far,13,roll_deg,3.0,100.0
000023,2,Cyclist,44.99,far,20,roll_deg,3.0,90.0
000025,0,Car,3.97,near,140,roll_deg,3.0,75.0
000025,1,Car,10.65,near,1121,roll_deg,3.0,97.95
000025,2,Car,30.19,far,61,roll_deg,3.0,100.0
000025,3,Car,17.85,mid,316,roll_deg,3.0,94.94
000025,4,Cyclist,44.72,far,21,roll_deg,3.0,80.95
000025,5,Car,22.7,mid,27,roll_deg,3.0,100.0
000031,0,Car,12.61,near,1028,roll_deg,3.0,93.77
000031,1,Car,9.04,near,1028,roll_deg,3.0,94.65
000031,2,Car,13.46,near,517,roll_deg,3.0,98.45
000031,3,Truck,22.54,mid,328,roll_deg,3.0,100.0
000031,4,Car,26.55,mid,141,roll_deg,3.0,99.29
000031,5,Van,51.93,far,32,roll_deg,3.0,100.0
000032,0,Car,9.65,near,1435,roll_deg,3.0,93.24
000032,1,Car,9.14,near,1352,roll_deg,3.0,96.01
000032,2,Van,14.81,near,803,roll_deg,3.0,93.77
000032,3,Car,13.81,near,410,roll_deg,3.0,100.0
000032,4,Car,20.17,mid,71,roll_deg,3.0,95.77
000032,5,Van,25.41,mid,584,roll_deg,3.0,72.26
000032,6,Car,25.84,mid,75,roll_deg,3.0,100.0
000032,7,Van,44.72,far,64,roll_deg,3.0,100.0
000032,8,Van,41.09,far,154,roll_deg,3.0,100.0
000032,9,Car,45.15,far,39,roll_deg,3.0,100.0
000043,0,Pedestrian,12.75,near,158,roll_deg,3.0,92.41
000043,1,Pedestrian,12.63,near,183,roll_deg,3.0,92.35
000043,2,Pedestrian,20.65,mid,85,roll_deg,3.0,98.82
000043,3,Pedestrian,20.57,mid,88,roll_deg,3.0,94.32
000048,0,Pedestrian,16.89,mid,113,roll_deg,3.0,92.04
000048,1,Pedestrian,17.17,mid,132,roll_deg,3.0,90.15
000048,2,Pedestrian,16.58,mid,116,roll_deg,3.0,81.9
000048,3,Cyclist,30.42,far,41,roll_deg,3.0,100.0
000049,0,Car,21.55,mid,206,roll_deg,3.0,100.0
000049,1,Car,14.35,near,930,roll_deg,3.0,91.83
000049,2,Car,22.29,mid,140,roll_deg,3.0,77.86
000049,3,Car,25.2,mid,79,roll_deg,3.0,77.22
000049,4,Car,32.78,far,18,roll_deg,3.0,100.0
000049,5,Van,45.86,far,79,roll_deg,3.0,92.41
000049,6,Pedestrian,5.46,near,719,roll_deg,3.0,87.07
000049,7,Car,10.4,near,571,roll_deg,3.0,98.42
000049,8,Car,15.44,mid,432,roll_deg,3.0,98.38
000049,9,Car,20.64,mid,198,roll_deg,3.0,92.42
000049,10,Pedestrian,32.79,far,42,roll_deg,3.0,73.81
000049,11,Car,33.25,far,74,roll_deg,3.0,91.89
000049,12,Car,14.42,near,437,roll_deg,3.0,80.78
000049,13,Car,19.02,mid,312,roll_deg,3.0,81.09
000049,14,Van,35.57,far,261,roll_deg,3.0,100.0
000049,15,Car,22.38,mid,49,roll_deg,3.0,18.37
000061,0,Van,18.81,mid,989,roll_deg,3.0,83.82
000061,1,Car,14.65,near,108,roll_deg,3.0,71.3
000061,2,Car,21.15,mid,145,roll_deg,3.0,68.97
000061,3,Van,43.67,far,14,roll_deg,3.0,92.86
000001,0,Truck,69.44,far,70,tx_m,0.02,100.0
000001,1,Cyclist,46.07,far,18,tx_m,0.02,100.0
000004,0,Car,41.36,far,77,tx_m,0.02,100.0
000004,1,Car,53.58,far,26,tx_m,0.02,100.0
000007,0,Car,25.02,mid,191,tx_m,0.02,100.0
000007,1,Car,48.13,far,19,tx_m,0.02,100.0
000007,2,Cyclist,36.35,far,25,tx_m,0.02,100.0
000008,0,Car,4.56,near,1424,tx_m,0.02,99.93
000008,1,Car,7.95,near,1940,tx_m,0.02,100.0
000008,2,Car,7.23,near,878,tx_m,0.02,100.0
000008,3,Car,14.48,near,668,tx_m,0.02,100.0
000008,4,Car,33.98,far,53,tx_m,0.02,100.0
000008,5,Car,21.69,mid,164,tx_m,0.02,100.0
000009,0,Car,23.89,mid,219,tx_m,0.02,100.0
000010,0,Car,6.83,near,283,tx_m,0.02,100.0
000010,1,Car,12.04,near,1016,tx_m,0.02,100.0
000010,2,Pedestrian,24.94,mid,23,tx_m,0.02,100.0
000010,3,Car,17.51,mid,340,tx_m,0.02,100.0
000010,4,Car,23.1,mid,48,tx_m,0.02,100.0
000010,5,Car,23.64,mid,246,tx_m,0.02,100.0
000010,6,Car,29.08,mid,55,tx_m,0.02,100.0
000010,7,Car,29.6,mid,33,tx_m,0.02,100.0
000010,8,Car,43.09,far,20,tx_m,0.02,100.0
000011,0,Pedestrian,13.41,near,151,tx_m,0.02,100.0
000011,1,Pedestrian,14.48,near,35,tx_m,0.02,100.0
000011,2,Car,27.1,mid,208,tx_m,0.02,100.0
000011,3,Pedestrian,34.15,far,40,tx_m,0.02,100.0
000011,4,Car,6.58,near,210,tx_m,0.02,99.52
000011,5,Pedestrian,17.81,mid,81,tx_m,0.02,100.0
000012,0,Car,59.08,far,13,tx_m,0.02,100.0
000012,1,Van,66.31,far,39,tx_m,0.02,100.0
000015,0,Car,4.94,near,1650,tx_m,0.02,99.94
000015,1,Pedestrian,8.95,near,386,tx_m,0.02,95.85
000015,2,Pedestrian,24.27,mid,55,tx_m,0.02,89.09
000015,3,Pedestrian,24.44,mid,70,tx_m,0.02,84.29
000015,4,Pedestrian,23.37,mid,66,tx_m,0.02,100.0
000016,0,Car,44.61,far,24,tx_m,0.02,100.0
000016,1,Truck,28.06,mid,1973,tx_m,0.02,100.0
000016,2,Car,33.45,far,51,tx_m,0.02,100.0
000016,3,Car,7.08,near,1766,tx_m,0.02,99.94
000016,4,Car,47.18,far,10,tx_m,0.02,100.0
000019,0,Truck,6.31,near,4867,tx_m,0.02,100.0
000019,1,Car,10.13,near,1236,tx_m,0.02,100.0
000019,2,Van,35.42,far,106,tx_m,0.02,100.0
000019,3,Car,59.71,far,19,tx_m,0.02,100.0
000021,0,Cyclist,4.17,near,186,tx_m,0.02,100.0
000021,1,Car,13.64,near,850,tx_m,0.02,100.0
000021,2,Car,17.78,mid,238,tx_m,0.02,100.0
000021,3,Van,23.93,mid,964,tx_m,0.02,100.0
000021,4,Car,26.48,mid,176,tx_m,0.02,100.0
000021,5,Car,26.88,mid,113,tx_m,0.02,100.0
000021,6,Car,32.61,far,50,tx_m,0.02,100.0
000021,7,Car,31.8,far,28,tx_m,0.02,100.0
000023,0,Truck,69.29,far,74,tx_m,0.02,100.0
000023,1,Car,57.52,far,13,tx_m,0.02,100.0
000023,2,Cyclist,44.99,far,20,tx_m,0.02,100.0
000025,0,Car,3.97,near,140,tx_m,0.02,100.0
000025,1,Car,10.65,near,1121,tx_m,0.02,100.0
000025,2,Car,30.19,far,61,tx_m,0.02,100.0
000025,3,Car,17.85,mid,316,tx_m,0.02,100.0
000025,4,Cyclist,44.72,far,21,tx_m,0.02,100.0
000025,5,Car,22.7,mid,27,tx_m,0.02,100.0
000031,0,Car,12.61,near,1028,tx_m,0.02,100.0
000031,1,Car,9.04,near,1028,tx_m,0.02,100.0
000031,2,Car,13.46,near,517,tx_m,0.02,100.0
000031,3,Truck,22.54,mid,328,tx_m,0.02,100.0
000031,4,Car,26.55,mid,141,tx_m,0.02,100.0
000031,5,Van,51.93,far,32,tx_m,0.02,100.0
000032,0,Car,9.65,near,1435,tx_m,0.02,100.0
000032,1,Car,9.14,near,1352,tx_m,0.02,100.0
000032,2,Van,14.81,near,803,tx_m,0.02,100.0
000032,3,Car,13.81,near,410,tx_m,0.02,100.0
000032,4,Car,20.17,mid,71,tx_m,0.02,100.0
000032,5,Van,25.41,mid,584,tx_m,0.02,100.0
000032,6,Car,25.84,mid,75,tx_m,0.02,100.0
000032,7,Van,44.72,far,64,tx_m,0.02,100.0
000032,8,Van,41.09,far,154,tx_m,0.02,100.0
000032,9,Car,45.15,far,39,tx_m,0.02,100.0
000043,0,Pedestrian,12.75,near,158,tx_m,0.02,94.94
000043,1,Pedestrian,12.63,near,183,tx_m,0.02,99.45
000043,2,Pedestrian,20.65,mid,85,tx_m,0.02,100.0
000043,3,Pedestrian,20.57,mid,88,tx_m,0.02,97.73
000048,0,Pedestrian,16.89,mid,113,tx_m,0.02,95.58
000048,1,Pedestrian,17.17,mid,132,tx_m,0.02,94.7
000048,2,Pedestrian,16.58,mid,116,tx_m,0.02,84.48
000048,3,Cyclist,30.42,far,41,tx_m,0.02,100.0
000049,0,Car,21.55,mid,206,tx_m,0.02,100.0
000049,1,Car,14.35,near,930,tx_m,0.02,100.0
000049,2,Car,22.29,mid,140,tx_m,0.02,100.0
000049,3,Car,25.2,mid,79,tx_m,0.02,100.0
000049,4,Car,32.78,far,18,tx_m,0.02,100.0
000049,5,Van,45.86,far,79,tx_m,0.02,100.0
000049,6,Pedestrian,5.46,near,719,tx_m,0.02,95.97
000049,7,Car,10.4,near,571,tx_m,0.02,100.0
000049,8,Car,15.44,mid,432,tx_m,0.02,100.0
000049,9,Car,20.64,mid,198,tx_m,0.02,100.0
000049,10,Pedestrian,32.79,far,42,tx_m,0.02,88.1
000049,11,Car,33.25,far,74,tx_m,0.02,100.0
000049,12,Car,14.42,near,437,tx_m,0.02,100.0
000049,13,Car,19.02,mid,312,tx_m,0.02,100.0
000049,14,Van,35.57,far,261,tx_m,0.02,100.0
000049,15,Car,22.38,mid,49,tx_m,0.02,100.0
000061,0,Van,18.81,mid,989,tx_m,0.02,100.0
000061,1,Car,14.65,near,108,tx_m,0.02,100.0
000061,2,Car,21.15,mid,145,tx_m,0.02,100.0
000061,3,Van,43.67,far,14,tx_m,0.02,100.0
000001,0,Truck,69.44,far,70,tx_m,0.05,100.0
000001,1,Cyclist,46.07,far,18,tx_m,0.05,100.0
000004,0,Car,41.36,far,77,tx_m,0.05,100.0
000004,1,Car,53.58,far,26,tx_m,0.05,100.0
000007,0,Car,25.02,mid,191,tx_m,0.05,100.0
000007,1,Car,48.13,far,19,tx_m,0.05,100.0
000007,2,Cyclist,36.35,far,25,tx_m,0.05,100.0
000008,0,Car,4.56,near,1424,tx_m,0.05,100.0
000008,1,Car,7.95,near,1940,tx_m,0.05,100.0
000008,2,Car,7.23,near,878,tx_m,0.05,100.0
000008,3,Car,14.48,near,668,tx_m,0.05,100.0
000008,4,Car,33.98,far,53,tx_m,0.05,100.0
000008,5,Car,21.69,mid,164,tx_m,0.05,100.0
000009,0,Car,23.89,mid,219,tx_m,0.05,100.0
000010,0,Car,6.83,near,283,tx_m,0.05,100.0
000010,1,Car,12.04,near,1016,tx_m,0.05,100.0
000010,2,Pedestrian,24.94,mid,23,tx_m,0.05,100.0
000010,3,Car,17.51,mid,340,tx_m,0.05,100.0
000010,4,Car,23.1,mid,48,tx_m,0.05,100.0
000010,5,Car,23.64,mid,246,tx_m,0.05,100.0
000010,6,Car,29.08,mid,55,tx_m,0.05,100.0
000010,7,Car,29.6,mid,33,tx_m,0.05,100.0
000010,8,Car,43.09,far,20,tx_m,0.05,100.0
000011,0,Pedestrian,13.41,near,151,tx_m,0.05,100.0
000011,1,Pedestrian,14.48,near,35,tx_m,0.05,100.0
000011,2,Car,27.1,mid,208,tx_m,0.05,100.0
000011,3,Pedestrian,34.15,far,40,tx_m,0.05,97.5
000011,4,Car,6.58,near,210,tx_m,0.05,100.0
000011,5,Pedestrian,17.81,mid,81,tx_m,0.05,100.0
000012,0,Car,59.08,far,13,tx_m,0.05,100.0
000012,1,Van,66.31,far,39,tx_m,0.05,100.0
000015,0,Car,4.94,near,1650,tx_m,0.05,100.0
000015,1,Pedestrian,8.95,near,386,tx_m,0.05,94.56
000015,2,Pedestrian,24.27,mid,55,tx_m,0.05,89.09
000015,3,Pedestrian,24.44,mid,70,tx_m,0.05,84.29
000015,4,Pedestrian,23.37,mid,66,tx_m,0.05,100.0
000016,0,Car,44.61,far,24,tx_m,0.05,100.0
000016,1,Truck,28.06,mid,1973,tx_m,0.05,100.0
000016,2,Car,33.45,far,51,tx_m,0.05,100.0
000016,3,Car,7.08,near,1766,tx_m,0.05,100.0
000016,4,Car,47.18,far,10,tx_m,0.05,100.0
000019,0,Truck,6.31,near,4867,tx_m,0.05,100.0
000019,1,Car,10.13,near,1236,tx_m,0.05,100.0
000019,2,Van,35.42,far,106,tx_m,0.05,100.0
000019,3,Car,59.71,far,19,tx_m,0.05,100.0
000021,0,Cyclist,4.17,near,186,tx_m,0.05,100.0
000021,1,Car,13.64,near,850,tx_m,0.05,100.0
000021,2,Car,17.78,mid,238,tx_m,0.05,100.0
000021,3,Van,23.93,mid,964,tx_m,0.05,100.0
000021,4,Car,26.48,mid,176,tx_m,0.05,100.0
000021,5,Car,26.88,mid,113,tx_m,0.05,100.0
000021,6,Car,32.61,far,50,tx_m,0.05,100.0
000021,7,Car,31.8,far,28,tx_m,0.05,100.0
000023,0,Truck,69.29,far,74,tx_m,0.05,100.0
000023,1,Car,57.52,far,13,tx_m,0.05,100.0
000023,2,Cyclist,44.99,far,20,tx_m,0.05,100.0
000025,0,Car,3.97,near,140,tx_m,0.05,100.0
000025,1,Car,10.65,near,1121,tx_m,0.05,100.0
000025,2,Car,30.19,far,61,tx_m,0.05,100.0
000025,3,Car,17.85,mid,316,tx_m,0.05,100.0
000025,4,Cyclist,44.72,far,21,tx_m,0.05,100.0
000025,5,Car,22.7,mid,27,tx_m,0.05,100.0
000031,0,Car,12.61,near,1028,tx_m,0.05,100.0
000031,1,Car,9.04,near,1028,tx_m,0.05,100.0
000031,2,Car,13.46,near,517,tx_m,0.05,100.0
000031,3,Truck,22.54,mid,328,tx_m,0.05,100.0
000031,4,Car,26.55,mid,141,tx_m,0.05,100.0
000031,5,Van,51.93,far,32,tx_m,0.05,100.0
000032,0,Car,9.65,near,1435,tx_m,0.05,100.0
000032,1,Car,9.14,near,1352,tx_m,0.05,100.0
000032,2,Van,14.81,near,803,tx_m,0.05,100.0
000032,3,Car,13.81,near,410,tx_m,0.05,100.0
000032,4,Car,20.17,mid,71,tx_m,0.05,100.0
000032,5,Van,25.41,mid,584,tx_m,0.05,100.0
000032,6,Car,25.84,mid,75,tx_m,0.05,100.0
000032,7,Van,44.72,far,64,tx_m,0.05,100.0
000032,8,Van,41.09,far,154,tx_m,0.05,100.0
000032,9,Car,45.15,far,39,tx_m,0.05,100.0
000043,0,Pedestrian,12.75,near,158,tx_m,0.05,95.57
000043,1,Pedestrian,12.63,near,183,tx_m,0.05,100.0
000043,2,Pedestrian,20.65,mid,85,tx_m,0.05,100.0
000043,3,Pedestrian,20.57,mid,88,tx_m,0.05,97.73
000048,0,Pedestrian,16.89,mid,113,tx_m,0.05,95.58
000048,1,Pedestrian,17.17,mid,132,tx_m,0.05,94.7
000048,2,Pedestrian,16.58,mid,116,tx_m,0.05,85.34
000048,3,Cyclist,30.42,far,41,tx_m,0.05,100.0
000049,0,Car,21.55,mid,206,tx_m,0.05,100.0
000049,1,Car,14.35,near,930,tx_m,0.05,100.0
000049,2,Car,22.29,mid,140,tx_m,0.05,100.0
000049,3,Car,25.2,mid,79,tx_m,0.05,100.0
000049,4,Car,32.78,far,18,tx_m,0.05,100.0
000049,5,Van,45.86,far,79,tx_m,0.05,100.0
000049,6,Pedestrian,5.46,near,719,tx_m,0.05,95.13
000049,7,Car,10.4,near,571,tx_m,0.05,100.0
000049,8,Car,15.44,mid,432,tx_m,0.05,100.0
000049,9,Car,20.64,mid,198,tx_m,0.05,100.0
000049,10,Pedestrian,32.79,far,42,tx_m,0.05,88.1
000049,11,Car,33.25,far,74,tx_m,0.05,100.0
000049,12,Car,14.42,near,437,tx_m,0.05,100.0
000049,13,Car,19.02,mid,312,tx_m,0.05,100.0
000049,14,Van,35.57,far,261,tx_m,0.05,100.0
000049,15,Car,22.38,mid,49,tx_m,0.05,100.0
000061,0,Van,18.81,mid,989,tx_m,0.05,100.0
000061,1,Car,14.65,near,108,tx_m,0.05,100.0
000061,2,Car,21.15,mid,145,tx_m,0.05,100.0
000061,3,Van,43.67,far,14,tx_m,0.05,100.0
000001,0,Truck,69.44,far,70,tx_m,0.1,100.0
000001,1,Cyclist,46.07,far,18,tx_m,0.1,100.0
000004,0,Car,41.36,far,77,tx_m,0.1,100.0
000004,1,Car,53.58,far,26,tx_m,0.1,100.0
000007,0,Car,25.02,mid,191,tx_m,0.1,100.0
000007,1,Car,48.13,far,19,tx_m,0.1,100.0
000007,2,Cyclist,36.35,far,25,tx_m,0.1,100.0
000008,0,Car,4.56,near,1424,tx_m,0.1,100.0
000008,1,Car,7.95,near,1940,tx_m,0.1,100.0
000008,2,Car,7.23,near,878,tx_m,0.1,100.0
000008,3,Car,14.48,near,668,tx_m,0.1,100.0
000008,4,Car,33.98,far,53,tx_m,0.1,100.0
000008,5,Car,21.69,mid,164,tx_m,0.1,100.0
000009,0,Car,23.89,mid,219,tx_m,0.1,100.0
000010,0,Car,6.83,near,283,tx_m,0.1,100.0
000010,1,Car,12.04,near,1016,tx_m,0.1,100.0
000010,2,Pedestrian,24.94,mid,23,tx_m,0.1,100.0
000010,3,Car,17.51,mid,340,tx_m,0.1,100.0
000010,4,Car,23.1,mid,48,tx_m,0.1,100.0
000010,5,Car,23.64,mid,246,tx_m,0.1,100.0
000010,6,Car,29.08,mid,55,tx_m,0.1,100.0
000010,7,Car,29.6,mid,33,tx_m,0.1,100.0
000010,8,Car,43.09,far,20,tx_m,0.1,100.0
000011,0,Pedestrian,13.41,near,151,tx_m,0.1,99.34
000011,1,Pedestrian,14.48,near,35,tx_m,0.1,100.0
000011,2,Car,27.1,mid,208,tx_m,0.1,100.0
000011,3,Pedestrian,34.15,far,40,tx_m,0.1,97.5
000011,4,Car,6.58,near,210,tx_m,0.1,100.0
000011,5,Pedestrian,17.81,mid,81,tx_m,0.1,98.77
000012,0,Car,59.08,far,13,tx_m,0.1,100.0
000012,1,Van,66.31,far,39,tx_m,0.1,100.0
000015,0,Car,4.94,near,1650,tx_m,0.1,100.0
000015,1,Pedestrian,8.95,near,386,tx_m,0.1,91.19
000015,2,Pedestrian,24.27,mid,55,tx_m,0.1,87.27
000015,3,Pedestrian,24.44,mid,70,tx_m,0.1,84.29
000015,4,Pedestrian,23.37,mid,66,tx_m,0.1,100.0
000016,0,Car,44.61,far,24,tx_m,0.1,100.0
000016,1,Truck,28.06,mid,1973,tx_m,0.1,100.0
000016,2,Car,33.45,far,51,tx_m,0.1,100.0
000016,3,Car,7.08,near,1766,tx_m,0.1,100.0
000016,4,Car,47.18,far,10,tx_m,0.1,100.0
000019,0,Truck,6.31,near,4867,tx_m,0.1,100.0
000019,1,Car,10.13,near,1236,tx_m,0.1,100.0
000019,2,Van,35.42,far,106,tx_m,0.1,100.0
000019,3,Car,59.71,far,19,tx_m,0.1,100.0
000021,0,Cyclist,4.17,near,186,tx_m,0.1,100.0
000021,1,Car,13.64,near,850,tx_m,0.1,100.0
000021,2,Car,17.78,mid,238,tx_m,0.1,100.0
000021,3,Van,23.93,mid,964,tx_m,0.1,100.0
000021,4,Car,26.48,mid,176,tx_m,0.1,100.0
000021,5,Car,26.88,mid,113,tx_m,0.1,100.0
000021,6,Car,32.61,far,50,tx_m,0.1,100.0
000021,7,Car,31.8,far,28,tx_m,0.1,100.0
000023,0,Truck,69.29,far,74,tx_m,0.1,100.0
000023,1,Car,57.52,far,13,tx_m,0.1,100.0
000023,2,Cyclist,44.99,far,20,tx_m,0.1,100.0
000025,0,Car,3.97,near,140,tx_m,0.1,100.0
000025,1,Car,10.65,near,1121,tx_m,0.1,100.0
000025,2,Car,30.19,far,61,tx_m,0.1,100.0
000025,3,Car,17.85,mid,316,tx_m,0.1,100.0
000025,4,Cyclist,44.72,far,21,tx_m,0.1,100.0
000025,5,Car,22.7,mid,27,tx_m,0.1,100.0
000031,0,Car,12.61,near,1028,tx_m,0.1,100.0
000031,1,Car,9.04,near,1028,tx_m,0.1,100.0
000031,2,Car,13.46,near,517,tx_m,0.1,100.0
000031,3,Truck,22.54,mid,328,tx_m,0.1,100.0
000031,4,Car,26.55,mid,141,tx_m,0.1,100.0
000031,5,Van,51.93,far,32,tx_m,0.1,100.0
000032,0,Car,9.65,near,1435,tx_m,0.1,100.0
000032,1,Car,9.14,near,1352,tx_m,0.1,100.0
000032,2,Van,14.81,near,803,tx_m,0.1,100.0
000032,3,Car,13.81,near,410,tx_m,0.1,100.0
000032,4,Car,20.17,mid,71,tx_m,0.1,100.0
000032,5,Van,25.41,mid,584,tx_m,0.1,100.0
000032,6,Car,25.84,mid,75,tx_m,0.1,100.0
000032,7,Van,44.72,far,64,tx_m,0.1,100.0
000032,8,Van,41.09,far,154,tx_m,0.1,100.0
000032,9,Car,45.15,far,39,tx_m,0.1,100.0
000043,0,Pedestrian,12.75,near,158,tx_m,0.1,94.94
000043,1,Pedestrian,12.63,near,183,tx_m,0.1,100.0
000043,2,Pedestrian,20.65,mid,85,tx_m,0.1,100.0
000043,3,Pedestrian,20.57,mid,88,tx_m,0.1,98.86
000048,0,Pedestrian,16.89,mid,113,tx_m,0.1,94.69
000048,1,Pedestrian,17.17,mid,132,tx_m,0.1,94.7
000048,2,Pedestrian,16.58,mid,116,tx_m,0.1,87.07
000048,3,Cyclist,30.42,far,41,tx_m,0.1,100.0
000049,0,Car,21.55,mid,206,tx_m,0.1,100.0
000049,1,Car,14.35,near,930,tx_m,0.1,100.0
000049,2,Car,22.29,mid,140,tx_m,0.1,100.0
000049,3,Car,25.2,mid,79,tx_m,0.1,100.0
000049,4,Car,32.78,far,18,tx_m,0.1,100.0
000049,5,Van,45.86,far,79,tx_m,0.1,100.0
000049,6,Pedestrian,5.46,near,719,tx_m,0.1,93.88
000049,7,Car,10.4,near,571,tx_m,0.1,100.0
000049,8,Car,15.44,mid,432,tx_m,0.1,100.0
000049,9,Car,20.64,mid,198,tx_m,0.1,100.0
000049,10,Pedestrian,32.79,far,42,tx_m,0.1,88.1
000049,11,Car,33.25,far,74,tx_m,0.1,100.0
000049,12,Car,14.42,near,437,tx_m,0.1,100.0
000049,13,Car,19.02,mid,312,tx_m,0.1,100.0
000049,14,Van,35.57,far,261,tx_m,0.1,100.0
000049,15,Car,22.38,mid,49,tx_m,0.1,100.0
000061,0,Van,18.81,mid,989,tx_m,0.1,100.0
000061,1,Car,14.65,near,108,tx_m,0.1,99.07
000061,2,Car,21.15,mid,145,tx_m,0.1,100.0
000061,3,Van,43.67,far,14,tx_m,0.1,100.0
000001,0,Truck,69.44,far,70,ty_m,0.02,100.0
000001,1,Cyclist,46.07,far,18,ty_m,0.02,100.0
000004,0,Car,41.36,far,77,ty_m,0.02,100.0
000004,1,Car,53.58,far,26,ty_m,0.02,100.0
000007,0,Car,25.02,mid,191,ty_m,0.02,100.0
000007,1,Car,48.13,far,19,ty_m,0.02,100.0
000007,2,Cyclist,36.35,far,25,ty_m,0.02,100.0
000008,0,Car,4.56,near,1424,ty_m,0.02,98.31
000008,1,Car,7.95,near,1940,ty_m,0.02,100.0
000008,2,Car,7.23,near,878,ty_m,0.02,99.54
000008,3,Car,14.48,near,668,ty_m,0.02,100.0
000008,4,Car,33.98,far,53,ty_m,0.02,100.0
000008,5,Car,21.69,mid,164,ty_m,0.02,100.0
000009,0,Car,23.89,mid,219,ty_m,0.02,100.0
000010,0,Car,6.83,near,283,ty_m,0.02,98.94
000010,1,Car,12.04,near,1016,ty_m,0.02,100.0
000010,2,Pedestrian,24.94,mid,23,ty_m,0.02,100.0
000010,3,Car,17.51,mid,340,ty_m,0.02,100.0
000010,4,Car,23.1,mid,48,ty_m,0.02,100.0
000010,5,Car,23.64,mid,246,ty_m,0.02,100.0
000010,6,Car,29.08,mid,55,ty_m,0.02,100.0
000010,7,Car,29.6,mid,33,ty_m,0.02,100.0
000010,8,Car,43.09,far,20,ty_m,0.02,100.0
000011,0,Pedestrian,13.41,near,151,ty_m,0.02,100.0
000011,1,Pedestrian,14.48,near,35,ty_m,0.02,100.0
000011,2,Car,27.1,mid,208,ty_m,0.02,100.0
000011,3,Pedestrian,34.15,far,40,ty_m,0.02,95.0
000011,4,Car,6.58,near,210,ty_m,0.02,95.71
000011,5,Pedestrian,17.81,mid,81,ty_m,0.02,100.0
000012,0,Car,59.08,far,13,ty_m,0.02,100.0
000012,1,Van,66.31,far,39,ty_m,0.02,100.0
000015,0,Car,4.94,near,1650,ty_m,0.02,98.85
000015,1,Pedestrian,8.95,near,386,ty_m,0.02,95.34
000015,2,Pedestrian,24.27,mid,55,ty_m,0.02,87.27
000015,3,Pedestrian,24.44,mid,70,ty_m,0.02,82.86
000015,4,Pedestrian,23.37,mid,66,ty_m,0.02,100.0
000016,0,Car,44.61,far,24,ty_m,0.02,100.0
000016,1,Truck,28.06,mid,1973,ty_m,0.02,100.0
000016,2,Car,33.45,far,51,ty_m,0.02,100.0
000016,3,Car,7.08,near,1766,ty_m,0.02,99.09
000016,4,Car,47.18,far,10,ty_m,0.02,100.0
000019,0,Truck,6.31,near,4867,ty_m,0.02,99.28
000019,1,Car,10.13,near,1236,ty_m,0.02,100.0
000019,2,Van,35.42,far,106,ty_m,0.02,100.0
000019,3,Car,59.71,far,19,ty_m,0.02,100.0
000021,0,Cyclist,4.17,near,186,ty_m,0.02,98.92
000021,1,Car,13.64,near,850,ty_m,0.02,100.0
000021,2,Car,17.78,mid,238,ty_m,0.02,100.0
000021,3,Van,23.93,mid,964,ty_m,0.02,100.0
000021,4,Car,26.48,mid,176,ty_m,0.02,100.0
000021,5,Car,26.88,mid,113,ty_m,0.02,100.0
000021,6,Car,32.61,far,50,ty_m,0.02,100.0
000021,7,Car,31.8,far,28,ty_m,0.02,100.0
000023,0,Truck,69.29,far,74,ty_m,0.02,100.0
000023,1,Car,57.52,far,13,ty_m,0.02,100.0
000023,2,Cyclist,44.99,far,20,ty_m,0.02,100.0
000025,0,Car,3.97,near,140,ty_m,0.02,98.57
000025,1,Car,10.65,near,1121,ty_m,0.02,100.0
000025,2,Car,30.19,far,61,ty_m,0.02,100.0
000025,3,Car,17.85,mid,316,ty_m,0.02,100.0
000025,4,Cyclist,44.72,far,21,ty_m,0.02,100.0
000025,5,Car,22.7,mid,27,ty_m,0.02,100.0
000031,0,Car,12.61,near,1028,ty_m,0.02,100.0
000031,1,Car,9.04,near,1028,ty_m,0.02,100.0
000031,2,Car,13.46,near,517,ty_m,0.02,100.0
000031,3,Truck,22.54,mid,328,ty_m,0.02,100.0
000031,4,Car,26.55,mid,141,ty_m,0.02,100.0
000031,5,Van,51.93,far,32,ty_m,0.02,100.0
000032,0,Car,9.65,near,1435,ty_m,0.02,100.0
000032,1,Car,9.14,near,1352,ty_m,0.02,99.85
000032,2,Van,14.81,near,803,ty_m,0.02,100.0
000032,3,Car,13.81,near,410,ty_m,0.02,100.0
000032,4,Car,20.17,mid,71,ty_m,0.02,100.0
000032,5,Van,25.41,mid,584,ty_m,0.02,100.0
000032,6,Car,25.84,mid,75,ty_m,0.02,100.0
000032,7,Van,44.72,far,64,ty_m,0.02,100.0
000032,8,Van,41.09,far,154,ty_m,0.02,100.0
000032,9,Car,45.15,far,39,ty_m,0.02,100.0
000043,0,Pedestrian,12.75,near,158,ty_m,0.02,95.57
000043,1,Pedestrian,12.63,near,183,ty_m,0.02,97.81
000043,2,Pedestrian,20.65,mid,85,ty_m,0.02,100.0
000043,3,Pedestrian,20.57,mid,88,ty_m,0.02,98.86
000048,0,Pedestrian,16.89,mid,113,ty_m,0.02,91.15
000048,1,Pedestrian,17.17,mid,132,ty_m,0.02,93.18
000048,2,Pedestrian,16.58,mid,116,ty_m,0.02,82.76
000048,3,Cyclist,30.42,far,41,ty_m,0.02,100.0
000049,0,Car,21.55,mid,206,ty_m,0.02,100.0
000049,1,Car,14.35,near,930,ty_m,0.02,100.0
000049,2,Car,22.29,mid,140,ty_m,0.02,100.0
000049,3,Car,25.2,mid,79,ty_m,0.02,100.0
000049,4,Car,32.78,far,18,ty_m,0.02,100.0
000049,5,Van,45.86,far,79,ty_m,0.02,100.0
000049,6,Pedestrian,5.46,near,719,ty_m,0.02,94.58
000049,7,Car,10.4,near,571,ty_m,0.02,100.0
000049,8,Car,15.44,mid,432,ty_m,0.02,100.0
000049,9,Car,20.64,mid,198,ty_m,0.02,100.0
000049,10,Pedestrian,32.79,far,42,ty_m,0.02,85.71
000049,11,Car,33.25,far,74,ty_m,0.02,100.0
000049,12,Car,14.42,near,437,ty_m,0.02,100.0
000049,13,Car,19.02,mid,312,ty_m,0.02,100.0
000049,14,Van,35.57,far,261,ty_m,0.02,100.0
000049,15,Car,22.38,mid,49,ty_m,0.02,100.0
000061,0,Van,18.81,mid,989,ty_m,0.02,100.0
000061,1,Car,14.65,near,108,ty_m,0.02,95.37
000061,2,Car,21.15,mid,145,ty_m,0.02,100.0
000061,3,Van,43.67,far,14,ty_m,0.02,100.0
000001,0,Truck,69.44,far,70,ty_m,0.05,98.57
000001,1,Cyclist,46.07,far,18,ty_m,0.05,100.0
000004,0,Car,41.36,far,77,ty_m,0.05,100.0
000004,1,Car,53.58,far,26,ty_m,0.05,100.0
000007,0,Car,25.02,mid,191,ty_m,0.05,100.0
000007,1,Car,48.13,far,19,ty_m,0.05,94.74
000007,2,Cyclist,36.35,far,25,ty_m,0.05,100.0
000008,0,Car,4.56,near,1424,ty_m,0.05,96.98
000008,1,Car,7.95,near,1940,ty_m,0.05,100.0
000008,2,Car,7.23,near,878,ty_m,0.05,99.54
000008,3,Car,14.48,near,668,ty_m,0.05,100.0
000008,4,Car,33.98,far,53,ty_m,0.05,100.0
000008,5,Car,21.69,mid,164,ty_m,0.05,100.0
000009,0,Car,23.89,mid,219,ty_m,0.05,100.0
000010,0,Car,6.83,near,283,ty_m,0.05,98.94
000010,1,Car,12.04,near,1016,ty_m,0.05,100.0
000010,2,Pedestrian,24.94,mid,23,ty_m,0.05,100.0
000010,3,Car,17.51,mid,340,ty_m,0.05,100.0
000010,4,Car,23.1,mid,48,ty_m,0.05,100.0
000010,5,Car,23.64,mid,246,ty_m,0.05,100.0
000010,6,Car,29.08,mid,55,ty_m,0.05,100.0
000010,7,Car,29.6,mid,33,ty_m,0.05,100.0
000010,8,Car,43.09,far,20,ty_m,0.05,100.0
000011,0,Pedestrian,13.41,near,151,ty_m,0.05,98.68
000011,1,Pedestrian,14.48,near,35,ty_m,0.05,100.0
000011,2,Car,27.1,mid,208,ty_m,0.05,100.0
000011,3,Pedestrian,34.15,far,40,ty_m,0.05,95.0
000011,4,Car,6.58,near,210,ty_m,0.05,89.52
000011,5,Pedestrian,17.81,mid,81,ty_m,0.05,100.0
000012,0,Car,59.08,far,13,ty_m,0.05,100.0
000012,1,Van,66.31,far,39,ty_m,0.05,100.0
000015,0,Car,4.94,near,1650,ty_m,0.05,98.61
000015,1,Pedestrian,8.95,near,386,ty_m,0.05,92.23
000015,2,Pedestrian,24.27,mid,55,ty_m,0.05,81.82
000015,3,Pedestrian,24.44,mid,70,ty_m,0.05,77.14
000015,4,Pedestrian,23.37,mid,66,ty_m,0.05,95.45
000016,0,Car,44.61,far,24,ty_m,0.05,100.0
000016,1,Truck,28.06,mid,1973,ty_m,0.05,100.0
000016,2,Car,33.45,far,51,ty_m,0.05,100.0
000016,3,Car,7.08,near,1766,ty_m,0.05,97.73
000016,4,Car,47.18,far,10,ty_m,0.05,100.0
000019,0,Truck,6.31,near,4867,ty_m,0.05,98.29
000019,1,Car,10.13,near,1236,ty_m,0.05,100.0
000019,2,Van,35.42,far,106,ty_m,0.05,100.0
000019,3,Car,59.71,far,19,ty_m,0.05,100.0
000021,0,Cyclist,4.17,near,186,ty_m,0.05,98.92
000021,1,Car,13.64,near,850,ty_m,0.05,100.0
000021,2,Car,17.78,mid,238,ty_m,0.05,100.0
000021,3,Van,23.93,mid,964,ty_m,0.05,100.0
000021,4,Car,26.48,mid,176,ty_m,0.05,100.0
000021,5,Car,26.88,mid,113,ty_m,0.05,100.0
000021,6,Car,32.61,far,50,ty_m,0.05,100.0
000021,7,Car,31.8,far,28,ty_m,0.05,100.0
000023,0,Truck,69.29,far,74,ty_m,0.05,100.0
000023,1,Car,57.52,far,13,ty_m,0.05,100.0
000023,2,Cyclist,44.99,far,20,ty_m,0.05,100.0
000025,0,Car,3.97,near,140,ty_m,0.05,97.86
000025,1,Car,10.65,near,1121,ty_m,0.05,99.91
000025,2,Car,30.19,far,61,ty_m,0.05,100.0
000025,3,Car,17.85,mid,316,ty_m,0.05,100.0
000025,4,Cyclist,44.72,far,21,ty_m,0.05,100.0
000025,5,Car,22.7,mid,27,ty_m,0.05,100.0
000031,0,Car,12.61,near,1028,ty_m,0.05,100.0
000031,1,Car,9.04,near,1028,ty_m,0.05,100.0
000031,2,Car,13.46,near,517,ty_m,0.05,99.81
000031,3,Truck,22.54,mid,328,ty_m,0.05,100.0
000031,4,Car,26.55,mid,141,ty_m,0.05,100.0
000031,5,Van,51.93,far,32,ty_m,0.05,100.0
000032,0,Car,9.65,near,1435,ty_m,0.05,100.0
000032,1,Car,9.14,near,1352,ty_m,0.05,99.85
000032,2,Van,14.81,near,803,ty_m,0.05,100.0
000032,3,Car,13.81,near,410,ty_m,0.05,100.0
000032,4,Car,20.17,mid,71,ty_m,0.05,100.0
000032,5,Van,25.41,mid,584,ty_m,0.05,100.0
000032,6,Car,25.84,mid,75,ty_m,0.05,100.0
000032,7,Van,44.72,far,64,ty_m,0.05,100.0
000032,8,Van,41.09,far,154,ty_m,0.05,100.0
000032,9,Car,45.15,far,39,ty_m,0.05,100.0
000043,0,Pedestrian,12.75,near,158,ty_m,0.05,94.3
000043,1,Pedestrian,12.63,near,183,ty_m,0.05,93.99
000043,2,Pedestrian,20.65,mid,85,ty_m,0.05,100.0
000043,3,Pedestrian,20.57,mid,88,ty_m,0.05,95.45
000048,0,Pedestrian,16.89,mid,113,ty_m,0.05,90.27
000048,1,Pedestrian,17.17,mid,132,ty_m,0.05,90.15
000048,2,Pedestrian,16.58,mid,116,ty_m,0.05,78.45
000048,3,Cyclist,30.42,far,41,ty_m,0.05,100.0
000049,0,Car,21.55,mid,206,ty_m,0.05,100.0
000049,1,Car,14.35,near,930,ty_m,0.05,100.0
000049,2,Car,22.29,mid,140,ty_m,0.05,100.0
000049,3,Car,25.2,mid,79,ty_m,0.05,100.0
000049,4,Car,32.78,far,18,ty_m,0.05,100.0
000049,5,Van,45.86,far,79,ty_m,0.05,100.0
000049,6,Pedestrian,5.46,near,719,ty_m,0.05,93.32
000049,7,Car,10.4,near,571,ty_m,0.05,100.0
000049,8,Car,15.44,mid,432,ty_m,0.05,100.0
000049,9,Car,20.64,mid,198,ty_m,0.05,100.0
000049,10,Pedestrian,32.79,far,42,ty_m,0.05,85.71
000049,11,Car,33.25,far,74,ty_m,0.05,100.0
000049,12,Car,14.42,near,437,ty_m,0.05,100.0
000049,13,Car,19.02,mid,312,ty_m,0.05,100.0
000049,14,Van,35.57,far,261,ty_m,0.05,100.0
000049,15,Car,22.38,mid,49,ty_m,0.05,100.0
000061,0,Van,18.81,mid,989,ty_m,0.05,100.0
000061,1,Car,14.65,near,108,ty_m,0.05,88.89
000061,2,Car,21.15,mid,145,ty_m,0.05,100.0
000061,3,Van,43.67,far,14,ty_m,0.05,100.0
000001,0,Truck,69.44,far,70,ty_m,0.1,97.14
000001,1,Cyclist,46.07,far,18,ty_m,0.1,94.44
000004,0,Car,41.36,far,77,ty_m,0.1,100.0
000004,1,Car,53.58,far,26,ty_m,0.1,100.0
000007,0,Car,25.02,mid,191,ty_m,0.1,97.38
000007,1,Car,48.13,far,19,ty_m,0.1,94.74
000007,2,Cyclist,36.35,far,25,ty_m,0.1,100.0
000008,0,Car,4.56,near,1424,ty_m,0.1,94.24
000008,1,Car,7.95,near,1940,ty_m,0.1,100.0
000008,2,Car,7.23,near,878,ty_m,0.1,99.54
000008,3,Car,14.48,near,668,ty_m,0.1,100.0
000008,4,Car,33.98,far,53,ty_m,0.1,100.0
000008,5,Car,21.69,mid,164,ty_m,0.1,100.0
000009,0,Car,23.89,mid,219,ty_m,0.1,99.09
000010,0,Car,6.83,near,283,ty_m,0.1,98.59
000010,1,Car,12.04,near,1016,ty_m,0.1,100.0
000010,2,Pedestrian,24.94,mid,23,ty_m,0.1,100.0
000010,3,Car,17.51,mid,340,ty_m,0.1,100.0
000010,4,Car,23.1,mid,48,ty_m,0.1,100.0
000010,5,Car,23.64,mid,246,ty_m,0.1,100.0
000010,6,Car,29.08,mid,55,ty_m,0.1,100.0
000010,7,Car,29.6,mid,33,ty_m,0.1,100.0
000010,8,Car,43.09,far,20,ty_m,0.1,100.0
000011,0,Pedestrian,13.41,near,151,ty_m,0.1,96.03
000011,1,Pedestrian,14.48,near,35,ty_m,0.1,100.0
000011,2,Car,27.1,mid,208,ty_m,0.1,100.0
000011,3,Pedestrian,34.15,far,40,ty_m,0.1,87.5
000011,4,Car,6.58,near,210,ty_m,0.1,80.0
000011,5,Pedestrian,17.81,mid,81,ty_m,0.1,96.3
000012,0,Car,59.08,far,13,ty_m,0.1,100.0
000012,1,Van,66.31,far,39,ty_m,0.1,100.0
000015,0,Car,4.94,near,1650,ty_m,0.1,98.06
000015,1,Pedestrian,8.95,near,386,ty_m,0.1,83.94
000015,2,Pedestrian,24.27,mid,55,ty_m,0.1,69.09
000015,3,Pedestrian,24.44,mid,70,ty_m,0.1,68.57
000015,4,Pedestrian,23.37,mid,66,ty_m,0.1,92.42
000016,0,Car,44.61,far,24,ty_m,0.1,100.0
000016,1,Truck,28.06,mid,1973,ty_m,0.1,100.0
000016,2,Car,33.45,far,51,ty_m,0.1,100.0
000016,3,Car,7.08,near,1766,ty_m,0.1,95.41
000016,4,Car,47.18,far,10,ty_m,0.1,100.0
000019,0,Truck,6.31,near,4867,ty_m,0.1,96.73
000019,1,Car,10.13,near,1236,ty_m,0.1,100.0
000019,2,Van,35.42,far,106,ty_m,0.1,100.0
000019,3,Car,59.71,far,19,ty_m,0.1,100.0
000021,0,Cyclist,4.17,near,186,ty_m,0.1,98.39
000021,1,Car,13.64,near,850,ty_m,0.1,100.0
000021,2,Car,17.78,mid,238,ty_m,0.1,100.0
000021,3,Van,23.93,mid,964,ty_m,0.1,100.0
000021,4,Car,26.48,mid,176,ty_m,0.1,100.0
000021,5,Car,26.88,mid,113,ty_m,0.1,100.0
000021,6,Car,32.61,far,50,ty_m,0.1,100.0
000021,7,Car,31.8,far,28,ty_m,0.1,100.0
000023,0,Truck,69.29,far,74,ty_m,0.1,97.3
000023,1,Car,57.52,far,13,ty_m,0.1,100.0
000023,2,Cyclist,44.99,far,20,ty_m,0.1,100.0
000025,0,Car,3.97,near,140,ty_m,0.1,97.86
000025,1,Car,10.65,near,1121,ty_m,0.1,99.64
000025,2,Car,30.19,far,61,ty_m,0.1,100.0
000025,3,Car,17.85,mid,316,ty_m,0.1,100.0
000025,4,Cyclist,44.72,far,21,ty_m,0.1,95.24
000025,5,Car,22.7,mid,27,ty_m,0.1,96.3
000031,0,Car,12.61,near,1028,ty_m,0.1,99.71
000031,1,Car,9.04,near,1028,ty_m,0.1,100.0
000031,2,Car,13.46,near,517,ty_m,0.1,98.84
000031,3,Truck,22.54,mid,328,ty_m,0.1,99.7
000031,4,Car,26.55,mid,141,ty_m,0.1,99.29
000031,5,Van,51.93,far,32,ty_m,0.1,100.0
000032,0,Car,9.65,near,1435,ty_m,0.1,100.0
000032,1,Car,9.14,near,1352,ty_m,0.1,99.85
000032,2,Van,14.81,near,803,ty_m,0.1,100.0
000032,3,Car,13.81,near,410,ty_m,0.1,100.0
000032,4,Car,20.17,mid,71,ty_m,0.1,95.77
000032,5,Van,25.41,mid,584,ty_m,0.1,100.0
000032,6,Car,25.84,mid,75,ty_m,0.1,100.0
000032,7,Van,44.72,far,64,ty_m,0.1,100.0
000032,8,Van,41.09,far,154,ty_m,0.1,100.0
000032,9,Car,45.15,far,39,ty_m,0.1,100.0
000043,0,Pedestrian,12.75,near,158,ty_m,0.1,90.51
000043,1,Pedestrian,12.63,near,183,ty_m,0.1,85.79
000043,2,Pedestrian,20.65,mid,85,ty_m,0.1,95.29
000043,3,Pedestrian,20.57,mid,88,ty_m,0.1,89.77
000048,0,Pedestrian,16.89,mid,113,ty_m,0.1,82.3
000048,1,Pedestrian,17.17,mid,132,ty_m,0.1,84.85
000048,2,Pedestrian,16.58,mid,116,ty_m,0.1,68.97
000048,3,Cyclist,30.42,far,41,ty_m,0.1,100.0
000049,0,Car,21.55,mid,206,ty_m,0.1,97.09
000049,1,Car,14.35,near,930,ty_m,0.1,99.68
000049,2,Car,22.29,mid,140,ty_m,0.1,100.0
000049,3,Car,25.2,mid,79,ty_m,0.1,100.0
000049,4,Car,32.78,far,18,ty_m,0.1,100.0
000049,5,Van,45.86,far,79,ty_m,0.1,100.0
000049,6,Pedestrian,5.46,near,719,ty_m,0.1,90.4
000049,7,Car,10.4,near,571,ty_m,0.1,99.47
000049,8,Car,15.44,mid,432,ty_m,0.1,100.0
000049,9,Car,20.64,mid,198,ty_m,0.1,100.0
000049,10,Pedestrian,32.79,far,42,ty_m,0.1,83.33
000049,11,Car,33.25,far,74,ty_m,0.1,100.0
000049,12,Car,14.42,near,437,ty_m,0.1,100.0
000049,13,Car,19.02,mid,312,ty_m,0.1,100.0
000049,14,Van,35.57,far,261,ty_m,0.1,100.0
000049,15,Car,22.38,mid,49,ty_m,0.1,100.0
000061,0,Van,18.81,mid,989,ty_m,0.1,100.0
000061,1,Car,14.65,near,108,ty_m,0.1,78.7
000061,2,Car,21.15,mid,145,ty_m,0.1,100.0
000061,3,Van,43.67,far,14,ty_m,0.1,100.0
000001,0,Truck,69.44,far,70,tz_m,0.02,100.0
000001,1,Cyclist,46.07,far,18,tz_m,0.02,100.0
000004,0,Car,41.36,far,77,tz_m,0.02,100.0
000004,1,Car,53.58,far,26,tz_m,0.02,100.0
000007,0,Car,25.02,mid,191,tz_m,0.02,100.0
000007,1,Car,48.13,far,19,tz_m,0.02,100.0
000007,2,Cyclist,36.35,far,25,tz_m,0.02,100.0
000008,0,Car,4.56,near,1424,tz_m,0.02,100.0
000008,1,Car,7.95,near,1940,tz_m,0.02,100.0
000008,2,Car,7.23,near,878,tz_m,0.02,99.66
000008,3,Car,14.48,near,668,tz_m,0.02,100.0
000008,4,Car,33.98,far,53,tz_m,0.02,100.0
000008,5,Car,21.69,mid,164,tz_m,0.02,100.0
000009,0,Car,23.89,mid,219,tz_m,0.02,100.0
000010,0,Car,6.83,near,283,tz_m,0.02,99.29
000010,1,Car,12.04,near,1016,tz_m,0.02,100.0
000010,2,Pedestrian,24.94,mid,23,tz_m,0.02,100.0
000010,3,Car,17.51,mid,340,tz_m,0.02,100.0
000010,4,Car,23.1,mid,48,tz_m,0.02,100.0
000010,5,Car,23.64,mid,246,tz_m,0.02,100.0
000010,6,Car,29.08,mid,55,tz_m,0.02,92.73
000010,7,Car,29.6,mid,33,tz_m,0.02,100.0
000010,8,Car,43.09,far,20,tz_m,0.02,100.0
000011,0,Pedestrian,13.41,near,151,tz_m,0.02,99.34
000011,1,Pedestrian,14.48,near,35,tz_m,0.02,100.0
000011,2,Car,27.1,mid,208,tz_m,0.02,100.0
000011,3,Pedestrian,34.15,far,40,tz_m,0.02,100.0
000011,4,Car,6.58,near,210,tz_m,0.02,100.0
000011,5,Pedestrian,17.81,mid,81,tz_m,0.02,100.0
000012,0,Car,59.08,far,13,tz_m,0.02,100.0
000012,1,Van,66.31,far,39,tz_m,0.02,100.0
000015,0,Car,4.94,near,1650,tz_m,0.02,100.0
000015,1,Pedestrian,8.95,near,386,tz_m,0.02,96.11
000015,2,Pedestrian,24.27,mid,55,tz_m,0.02,89.09
000015,3,Pedestrian,24.44,mid,70,tz_m,0.02,84.29
000015,4,Pedestrian,23.37,mid,66,tz_m,0.02,100.0
000016,0,Car,44.61,far,24,tz_m,0.02,100.0
000016,1,Truck,28.06,mid,1973,tz_m,0.02,100.0
000016,2,Car,33.45,far,51,tz_m,0.02,100.0
000016,3,Car,7.08,near,1766,tz_m,0.02,100.0
000016,4,Car,47.18,far,10,tz_m,0.02,100.0
000019,0,Truck,6.31,near,4867,tz_m,0.02,100.0
000019,1,Car,10.13,near,1236,tz_m,0.02,100.0
000019,2,Van,35.42,far,106,tz_m,0.02,100.0
000019,3,Car,59.71,far,19,tz_m,0.02,100.0
000021,0,Cyclist,4.17,near,186,tz_m,0.02,96.24
000021,1,Car,13.64,near,850,tz_m,0.02,100.0
000021,2,Car,17.78,mid,238,tz_m,0.02,100.0
000021,3,Van,23.93,mid,964,tz_m,0.02,100.0
000021,4,Car,26.48,mid,176,tz_m,0.02,100.0
000021,5,Car,26.88,mid,113,tz_m,0.02,100.0
000021,6,Car,32.61,far,50,tz_m,0.02,100.0
000021,7,Car,31.8,far,28,tz_m,0.02,100.0
000023,0,Truck,69.29,far,74,tz_m,0.02,100.0
000023,1,Car,57.52,far,13,tz_m,0.02,100.0
000023,2,Cyclist,44.99,far,20,tz_m,0.02,100.0
000025,0,Car,3.97,near,140,tz_m,0.02,100.0
000025,1,Car,10.65,near,1121,tz_m,0.02,100.0
000025,2,Car,30.19,far,61,tz_m,0.02,100.0
000025,3,Car,17.85,mid,316,tz_m,0.02,100.0
000025,4,Cyclist,44.72,far,21,tz_m,0.02,100.0
000025,5,Car,22.7,mid,27,tz_m,0.02,100.0
000031,0,Car,12.61,near,1028,tz_m,0.02,100.0
000031,1,Car,9.04,near,1028,tz_m,0.02,100.0
000031,2,Car,13.46,near,517,tz_m,0.02,100.0
000031,3,Truck,22.54,mid,328,tz_m,0.02,100.0
000031,4,Car,26.55,mid,141,tz_m,0.02,100.0
000031,5,Van,51.93,far,32,tz_m,0.02,100.0
000032,0,Car,9.65,near,1435,tz_m,0.02,100.0
000032,1,Car,9.14,near,1352,tz_m,0.02,100.0
000032,2,Van,14.81,near,803,tz_m,0.02,100.0
000032,3,Car,13.81,near,410,tz_m,0.02,100.0
000032,4,Car,20.17,mid,71,tz_m,0.02,100.0
000032,5,Van,25.41,mid,584,tz_m,0.02,100.0
000032,6,Car,25.84,mid,75,tz_m,0.02,100.0
000032,7,Van,44.72,far,64,tz_m,0.02,100.0
000032,8,Van,41.09,far,154,tz_m,0.02,100.0
000032,9,Car,45.15,far,39,tz_m,0.02,100.0
000043,0,Pedestrian,12.75,near,158,tz_m,0.02,94.94
000043,1,Pedestrian,12.63,near,183,tz_m,0.02,99.45
000043,2,Pedestrian,20.65,mid,85,tz_m,0.02,100.0
000043,3,Pedestrian,20.57,mid,88,tz_m,0.02,97.73
000048,0,Pedestrian,16.89,mid,113,tz_m,0.02,95.58
000048,1,Pedestrian,17.17,mid,132,tz_m,0.02,94.7
000048,2,Pedestrian,16.58,mid,116,tz_m,0.02,82.76
000048,3,Cyclist,30.42,far,41,tz_m,0.02,100.0
000049,0,Car,21.55,mid,206,tz_m,0.02,100.0
000049,1,Car,14.35,near,930,tz_m,0.02,100.0
000049,2,Car,22.29,mid,140,tz_m,0.02,100.0
000049,3,Car,25.2,mid,79,tz_m,0.02,100.0
000049,4,Car,32.78,far,18,tz_m,0.02,100.0
000049,5,Van,45.86,far,79,tz_m,0.02,100.0
000049,6,Pedestrian,5.46,near,719,tz_m,0.02,96.38
000049,7,Car,10.4,near,571,tz_m,0.02,100.0
000049,8,Car,15.44,mid,432,tz_m,0.02,100.0
000049,9,Car,20.64,mid,198,tz_m,0.02,100.0
000049,10,Pedestrian,32.79,far,42,tz_m,0.02,88.1
000049,11,Car,33.25,far,74,tz_m,0.02,100.0
000049,12,Car,14.42,near,437,tz_m,0.02,100.0
000049,13,Car,19.02,mid,312,tz_m,0.02,100.0
000049,14,Van,35.57,far,261,tz_m,0.02,100.0
000049,15,Car,22.38,mid,49,tz_m,0.02,100.0
000061,0,Van,18.81,mid,989,tz_m,0.02,100.0
000061,1,Car,14.65,near,108,tz_m,0.02,100.0
000061,2,Car,21.15,mid,145,tz_m,0.02,100.0
000061,3,Van,43.67,far,14,tz_m,0.02,100.0
000001,0,Truck,69.44,far,70,tz_m,0.05,100.0
000001,1,Cyclist,46.07,far,18,tz_m,0.05,100.0
000004,0,Car,41.36,far,77,tz_m,0.05,100.0
000004,1,Car,53.58,far,26,tz_m,0.05,100.0
000007,0,Car,25.02,mid,191,tz_m,0.05,100.0
000007,1,Car,48.13,far,19,tz_m,0.05,100.0
000007,2,Cyclist,36.35,far,25,tz_m,0.05,100.0
000008,0,Car,4.56,near,1424,tz_m,0.05,100.0
000008,1,Car,7.95,near,1940,tz_m,0.05,98.3
000008,2,Car,7.23,near,878,tz_m,0.05,99.66
000008,3,Car,14.48,near,668,tz_m,0.05,100.0
000008,4,Car,33.98,far,53,tz_m,0.05,100.0
000008,5,Car,21.69,mid,164,tz_m,0.05,100.0
000009,0,Car,23.89,mid,219,tz_m,0.05,100.0
000010,0,Car,6.83,near,283,tz_m,0.05,99.29
000010,1,Car,12.04,near,1016,tz_m,0.05,100.0
000010,2,Pedestrian,24.94,mid,23,tz_m,0.05,100.0
000010,3,Car,17.51,mid,340,tz_m,0.05,100.0
000010,4,Car,23.1,mid,48,tz_m,0.05,100.0
000010,5,Car,23.64,mid,246,tz_m,0.05,100.0
000010,6,Car,29.08,mid,55,tz_m,0.05,87.27
000010,7,Car,29.6,mid,33,tz_m,0.05,100.0
000010,8,Car,43.09,far,20,tz_m,0.05,100.0
000011,0,Pedestrian,13.41,near,151,tz_m,0.05,99.34
000011,1,Pedestrian,14.48,near,35,tz_m,0.05,100.0
000011,2,Car,27.1,mid,208,tz_m,0.05,100.0
000011,3,Pedestrian,34.15,far,40,tz_m,0.05,100.0
000011,4,Car,6.58,near,210,tz_m,0.05,100.0
000011,5,Pedestrian,17.81,mid,81,tz_m,0.05,100.0
000012,0,Car,59.08,far,13,tz_m,0.05,100.0
000012,1,Van,66.31,far,39,tz_m,0.05,100.0
000015,0,Car,4.94,near,1650,tz_m,0.05,100.0
000015,1,Pedestrian,8.95,near,386,tz_m,0.05,96.11
000015,2,Pedestrian,24.27,mid,55,tz_m,0.05,89.09
000015,3,Pedestrian,24.44,mid,70,tz_m,0.05,84.29
000015,4,Pedestrian,23.37,mid,66,tz_m,0.05,100.0
000016,0,Car,44.61,far,24,tz_m,0.05,100.0
000016,1,Truck,28.06,mid,1973,tz_m,0.05,100.0
000016,2,Car,33.45,far,51,tz_m,0.05,100.0
000016,3,Car,7.08,near,1766,tz_m,0.05,100.0
000016,4,Car,47.18,far,10,tz_m,0.05,100.0
000019,0,Truck,6.31,near,4867,tz_m,0.05,100.0
000019,1,Car,10.13,near,1236,tz_m,0.05,98.22
000019,2,Van,35.42,far,106,tz_m,0.05,100.0
000019,3,Car,59.71,far,19,tz_m,0.05,100.0
000021,0,Cyclist,4.17,near,186,tz_m,0.05,95.16
000021,1,Car,13.64,near,850,tz_m,0.05,100.0
000021,2,Car,17.78,mid,238,tz_m,0.05,100.0
000021,3,Van,23.93,mid,964,tz_m,0.05,100.0
000021,4,Car,26.48,mid,176,tz_m,0.05,98.86
000021,5,Car,26.88,mid,113,tz_m,0.05,100.0
000021,6,Car,32.61,far,50,tz_m,0.05,100.0
000021,7,Car,31.8,far,28,tz_m,0.05,100.0
000023,0,Truck,69.29,far,74,tz_m,0.05,100.0
000023,1,Car,57.52,far,13,tz_m,0.05,100.0
000023,2,Cyclist,44.99,far,20,tz_m,0.05,100.0
000025,0,Car,3.97,near,140,tz_m,0.05,100.0
000025,1,Car,10.65,near,1121,tz_m,0.05,100.0
000025,2,Car,30.19,far,61,tz_m,0.05,100.0
000025,3,Car,17.85,mid,316,tz_m,0.05,100.0
000025,4,Cyclist,44.72,far,21,tz_m,0.05,100.0
000025,5,Car,22.7,mid,27,tz_m,0.05,100.0
000031,0,Car,12.61,near,1028,tz_m,0.05,100.0
000031,1,Car,9.04,near,1028,tz_m,0.05,96.21
000031,2,Car,13.46,near,517,tz_m,0.05,100.0
000031,3,Truck,22.54,mid,328,tz_m,0.05,100.0
000031,4,Car,26.55,mid,141,tz_m,0.05,100.0
000031,5,Van,51.93,far,32,tz_m,0.05,100.0
000032,0,Car,9.65,near,1435,tz_m,0.05,98.61
000032,1,Car,9.14,near,1352,tz_m,0.05,100.0
000032,2,Van,14.81,near,803,tz_m,0.05,100.0
000032,3,Car,13.81,near,410,tz_m,0.05,99.02
000032,4,Car,20.17,mid,71,tz_m,0.05,100.0
000032,5,Van,25.41,mid,584,tz_m,0.05,100.0
000032,6,Car,25.84,mid,75,tz_m,0.05,100.0
000032,7,Van,44.72,far,64,tz_m,0.05,100.0
000032,8,Van,41.09,far,154,tz_m,0.05,100.0
000032,9,Car,45.15,far,39,tz_m,0.05,100.0
000043,0,Pedestrian,12.75,near,158,tz_m,0.05,93.67
000043,1,Pedestrian,12.63,near,183,tz_m,0.05,98.36
000043,2,Pedestrian,20.65,mid,85,tz_m,0.05,100.0
000043,3,Pedestrian,20.57,mid,88,tz_m,0.05,96.59
000048,0,Pedestrian,16.89,mid,113,tz_m,0.05,95.58
000048,1,Pedestrian,17.17,mid,132,tz_m,0.05,94.7
000048,2,Pedestrian,16.58,mid,116,tz_m,0.05,82.76
000048,3,Cyclist,30.42,far,41,tz_m,0.05,100.0
000049,0,Car,21.55,mid,206,tz_m,0.05,100.0
000049,1,Car,14.35,near,930,tz_m,0.05,100.0
000049,2,Car,22.29,mid,140,tz_m,0.05,100.0
000049,3,Car,25.2,mid,79,tz_m,0.05,79.75
000049,4,Car,32.78,far,18,tz_m,0.05,100.0
000049,5,Van,45.86,far,79,tz_m,0.05,100.0
000049,6,Pedestrian,5.46,near,719,tz_m,0.05,96.38
000049,7,Car,10.4,near,571,tz_m,0.05,100.0
000049,8,Car,15.44,mid,432,tz_m,0.05,100.0
000049,9,Car,20.64,mid,198,tz_m,0.05,100.0
000049,10,Pedestrian,32.79,far,42,tz_m,0.05,83.33
000049,11,Car,33.25,far,74,tz_m,0.05,100.0
000049,12,Car,14.42,near,437,tz_m,0.05,94.74
000049,13,Car,19.02,mid,312,tz_m,0.05,100.0
000049,14,Van,35.57,far,261,tz_m,0.05,100.0
000049,15,Car,22.38,mid,49,tz_m,0.05,100.0
000061,0,Van,18.81,mid,989,tz_m,0.05,100.0
000061,1,Car,14.65,near,108,tz_m,0.05,100.0
000061,2,Car,21.15,mid,145,tz_m,0.05,100.0
000061,3,Van,43.67,far,14,tz_m,0.05,100.0
000001,0,Truck,69.44,far,70,tz_m,0.1,100.0
000001,1,Cyclist,46.07,far,18,tz_m,0.1,100.0
000004,0,Car,41.36,far,77,tz_m,0.1,100.0
000004,1,Car,53.58,far,26,tz_m,0.1,100.0
000007,0,Car,25.02,mid,191,tz_m,0.1,100.0
000007,1,Car,48.13,far,19,tz_m,0.1,100.0
000007,2,Cyclist,36.35,far,25,tz_m,0.1,100.0
000008,0,Car,4.56,near,1424,tz_m,0.1,90.31
000008,1,Car,7.95,near,1940,tz_m,0.1,95.52
000008,2,Car,7.23,near,878,tz_m,0.1,99.66
000008,3,Car,14.48,near,668,tz_m,0.1,97.16
000008,4,Car,33.98,far,53,tz_m,0.1,98.11
000008,5,Car,21.69,mid,164,tz_m,0.1,100.0
000009,0,Car,23.89,mid,219,tz_m,0.1,100.0
000010,0,Car,6.83,near,283,tz_m,0.1,99.29
000010,1,Car,12.04,near,1016,tz_m,0.1,98.82
000010,2,Pedestrian,24.94,mid,23,tz_m,0.1,100.0
000010,3,Car,17.51,mid,340,tz_m,0.1,100.0
000010,4,Car,23.1,mid,48,tz_m,0.1,100.0
000010,5,Car,23.64,mid,246,tz_m,0.1,100.0
000010,6,Car,29.08,mid,55,tz_m,0.1,87.27
000010,7,Car,29.6,mid,33,tz_m,0.1,100.0
000010,8,Car,43.09,far,20,tz_m,0.1,100.0
000011,0,Pedestrian,13.41,near,151,tz_m,0.1,100.0
000011,1,Pedestrian,14.48,near,35,tz_m,0.1,100.0
000011,2,Car,27.1,mid,208,tz_m,0.1,100.0
000011,3,Pedestrian,34.15,far,40,tz_m,0.1,100.0
000011,4,Car,6.58,near,210,tz_m,0.1,100.0
000011,5,Pedestrian,17.81,mid,81,tz_m,0.1,97.53
000012,0,Car,59.08,far,13,tz_m,0.1,100.0
000012,1,Van,66.31,far,39,tz_m,0.1,100.0
000015,0,Car,4.94,near,1650,tz_m,0.1,97.88
000015,1,Pedestrian,8.95,near,386,tz_m,0.1,96.11
000015,2,Pedestrian,24.27,mid,55,tz_m,0.1,89.09
000015,3,Pedestrian,24.44,mid,70,tz_m,0.1,84.29
000015,4,Pedestrian,23.37,mid,66,tz_m,0.1,100.0
000016,0,Car,44.61,far,24,tz_m,0.1,100.0
000016,1,Truck,28.06,mid,1973,tz_m,0.1,100.0
000016,2,Car,33.45,far,51,tz_m,0.1,100.0
000016,3,Car,7.08,near,1766,tz_m,0.1,100.0
000016,4,Car,47.18,far,10,tz_m,0.1,100.0
000019,0,Truck,6.31,near,4867,tz_m,0.1,100.0
000019,1,Car,10.13,near,1236,tz_m,0.1,95.15
000019,2,Van,35.42,far,106,tz_m,0.1,100.0
000019,3,Car,59.71,far,19,tz_m,0.1,100.0
000021,0,Cyclist,4.17,near,186,tz_m,0.1,90.32
000021,1,Car,13.64,near,850,tz_m,0.1,97.18
000021,2,Car,17.78,mid,238,tz_m,0.1,91.6
000021,3,Van,23.93,mid,964,tz_m,0.1,100.0
000021,4,Car,26.48,mid,176,tz_m,0.1,98.86
000021,5,Car,26.88,mid,113,tz_m,0.1,100.0
000021,6,Car,32.61,far,50,tz_m,0.1,84.0
000021,7,Car,31.8,far,28,tz_m,0.1,100.0
000023,0,Truck,69.29,far,74,tz_m,0.1,100.0
000023,1,Car,57.52,far,13,tz_m,0.1,100.0
000023,2,Cyclist,44.99,far,20,tz_m,0.1,100.0
000025,0,Car,3.97,near,140,tz_m,0.1,100.0
000025,1,Car,10.65,near,1121,tz_m,0.1,100.0
000025,2,Car,30.19,far,61,tz_m,0.1,100.0
000025,3,Car,17.85,mid,316,tz_m,0.1,100.0
000025,4,Cyclist,44.72,far,21,tz_m,0.1,85.71
000025,5,Car,22.7,mid,27,tz_m,0.1,74.07
000031,0,Car,12.61,near,1028,tz_m,0.1,97.18
000031,1,Car,9.04,near,1028,tz_m,0.1,91.44
000031,2,Car,13.46,near,517,tz_m,0.1,100.0
000031,3,Truck,22.54,mid,328,tz_m,0.1,100.0
000031,4,Car,26.55,mid,141,tz_m,0.1,100.0
000031,5,Van,51.93,far,32,tz_m,0.1,100.0
000032,0,Car,9.65,near,1435,tz_m,0.1,96.17
000032,1,Car,9.14,near,1352,tz_m,0.1,96.23
000032,2,Van,14.81,near,803,tz_m,0.1,98.63
000032,3,Car,13.81,near,410,tz_m,0.1,92.68
000032,4,Car,20.17,mid,71,tz_m,0.1,100.0
000032,5,Van,25.41,mid,584,tz_m,0.1,100.0
000032,6,Car,25.84,mid,75,tz_m,0.1,100.0
000032,7,Van,44.72,far,64,tz_m,0.1,100.0
000032,8,Van,41.09,far,154,tz_m,0.1,100.0
000032,9,Car,45.15,far,39,tz_m,0.1,100.0
000043,0,Pedestrian,12.75,near,158,tz_m,0.1,93.67
000043,1,Pedestrian,12.63,near,183,tz_m,0.1,98.36
000043,2,Pedestrian,20.65,mid,85,tz_m,0.1,100.0
000043,3,Pedestrian,20.57,mid,88,tz_m,0.1,96.59
000048,0,Pedestrian,16.89,mid,113,tz_m,0.1,95.58
000048,1,Pedestrian,17.17,mid,132,tz_m,0.1,94.7
000048,2,Pedestrian,16.58,mid,116,tz_m,0.1,82.76
000048,3,Cyclist,30.42,far,41,tz_m,0.1,100.0
000049,0,Car,21.55,mid,206,tz_m,0.1,96.12
000049,1,Car,14.35,near,930,tz_m,0.1,95.81
000049,2,Car,22.29,mid,140,tz_m,0.1,85.71
000049,3,Car,25.2,mid,79,tz_m,0.1,79.75
000049,4,Car,32.78,far,18,tz_m,0.1,100.0
000049,5,Van,45.86,far,79,tz_m,0.1,100.0
000049,6,Pedestrian,5.46,near,719,tz_m,0.1,95.55
000049,7,Car,10.4,near,571,tz_m,0.1,95.27
000049,8,Car,15.44,mid,432,tz_m,0.1,93.75
000049,9,Car,20.64,mid,198,tz_m,0.1,100.0
000049,10,Pedestrian,32.79,far,42,tz_m,0.1,83.33
000049,11,Car,33.25,far,74,tz_m,0.1,81.08
000049,12,Car,14.42,near,437,tz_m,0.1,94.28
000049,13,Car,19.02,mid,312,tz_m,0.1,90.38
000049,14,Van,35.57,far,261,tz_m,0.1,97.32
000049,15,Car,22.38,mid,49,tz_m,0.1,100.0
000061,0,Van,18.81,mid,989,tz_m,0.1,100.0
000061,1,Car,14.65,near,108,tz_m,0.1,100.0
000061,2,Car,21.15,mid,145,tz_m,0.1,100.0
000061,3,Van,43.67,far,14,tz_m,0.1,100.0
